∂©µ•±‡∫≈,…Ã∆∑
D1,SKU3557|SKU3113|SKU2960|SKU3249
D2,SKU2358|SKU2061|SKU2561|SKU2749|SKU6370|SKU4445|SKU3519|SKU2059
D3,SKU4201|SKU6370|SKU1975|SKU3282|SKU3284|SKU3114|SKU3991
D4,SKU2221|SKU4168|SKU2199|SKU3490
D5,SKU2953|SKU5917|SKU6305|SKU3781|SKU4895|SKU4006|SKU3688|SKU6219|SKU3030
D6,SKU2851|SKU1917|SKU4273|SKU4196|SKU2356|SKU3269|SKU1892|SKU2283|SKU3894
D7,SKU2335|SKU2456|SKU6385|SKU2014|SKU3338
D8,SKU3504|SKU3495|SKU1335|SKU2379|SKU3395|SKU3333|SKU334|SKU4261
D9,SKU2270|SKU3786|SKU4058|SKU3170|SKU6219|SKU3631|SKU2471|SKU2173|SKU4273|SKU3318|SKU3998|SKU3912|SKU3962|SKU4425|SKU3740|SKU2364|SKU3806|SKU2078|SKU1901|SKU5036|SKU6294|SKU4125|SKU5421|SKU4909|SKU2907|SKU3978
D10,SKU6278|SKU6295
D11,SKU912|SKU3441|SKU3556|SKU3029|SKU4031|SKU1039|SKU2950|SKU1200|SKU2733|SKU6101|SKU2539|SKU3826|SKU3863
D12,SKU3269|SKU3612|SKU692|SKU2549
D13,SKU4382|SKU3624|SKU3660|SKU2115|SKU3473|SKU3894
D14,SKU3005|SKU3041|SKU6370|SKU3408|SKU1960|SKU4302|SKU4196
D15,SKU2966|SKU1918
D16,SKU5026|SKU1480|SKU6189|SKU3952|SKU2036|SKU3602
D17,SKU3696|SKU4278|SKU624|SKU2350|SKU339|SKU4326|SKU3524
D18,SKU3959|SKU4132|SKU5821|SKU2277|SKU2084|SKU2380|SKU4108|SKU4439|SKU5549
D19,SKU6278|SKU5685|SKU3216|SKU6323|SKU3938|SKU6282|SKU3202|SKU6307|SKU5634|SKU4854
D20,SKU4112|SKU4214|SKU3571|SKU3695
D21,SKU3983|SKU3162|SKU3971
D22,SKU3891|SKU2290|SKU3338
D23,SKU718|SKU3968|SKU5803
D24,SKU4266|SKU1966|SKU6370|SKU5470|SKU3064|SKU2583|SKU4010|SKU6303
D25,SKU3432|SKU3658|SKU2452|SKU1538|SKU3867
D26,SKU3804|SKU3065|SKU1859|SKU4992|SKU4103|SKU6246
D27,SKU1853|SKU6370|SKU903
D28,SKU4084|SKU4203|SKU3376|SKU3148|SKU2155|SKU3254|SKU3862|SKU1892|SKU3432
D29,SKU3263|SKU3972|SKU4170|SKU2518|SKU3665|SKU3641|SKU4273|SKU3151|SKU4007|SKU5729|SKU2852|SKU2434|SKU4172|SKU4903|SKU3818|SKU3243|SKU4128|SKU2637|SKU3239|SKU3588|SKU3478|SKU3847|SKU3596|SKU6162|SKU2430|SKU3891|SKU3535|SKU4136|SKU4018|SKU3701
D30,SKU2298|SKU4466|SKU2559|SKU2204|SKU3424|SKU2500|SKU3102
D31,SKU1321|SKU3874|SKU4686|SKU6001|SKU3397|SKU681|SKU4151|SKU4170|SKU2921|SKU4143|SKU4038|SKU6312|SKU4282|SKU2472|SKU3235|SKU5651|SKU4124|SKU2454|SKU6219|SKU2132
D32,SKU1379|SKU5452|SKU4542|SKU2105
D33,SKU3356|SKU3541|SKU6189
D34,SKU2768|SKU2320|SKU6370|SKU3700|SKU6305|SKU2372|SKU3320|SKU1952|SKU2335|SKU4172|SKU2896
D35,SKU4097|SKU2191|SKU6370|SKU1872|SKU2283|SKU1914
D36,SKU5775|SKU2116|SKU2065|SKU4788|SKU1958|SKU1968
D37,SKU3014|SKU6191|SKU3479|SKU4273|SKU6360|SKU4038|SKU4964|SKU3282|SKU6303
D38,SKU2382|SKU3535|SKU3155|SKU2569|SKU4136|SKU6216|SKU3042|SKU2549
D39,SKU4101|SKU906|SKU3919|SKU2089|SKU1481|SKU6361|SKU1930|SKU586|SKU2452|SKU4094|SKU2594|SKU3102|SKU6109|SKU2249|SKU2427
D40,SKU4220|SKU2467|SKU1976|SKU3910|SKU2521|SKU3418|SKU2583|SKU6146|SKU3512|SKU6370|SKU646|SKU3045|SKU669|SKU4613|SKU2218|SKU3505|SKU3663|SKU1969|SKU1029|SKU2553|SKU1908
D41,SKU5661|SKU5263
D42,SKU5229|SKU5530
D43,SKU3223|SKU3029|SKU3678|SKU3850|SKU3483|SKU4148|SKU3395|SKU2219|SKU3074|SKU3032|SKU3154|SKU2296|SKU2524|SKU2339|SKU4031|SKU3788|SKU3298|SKU3826
D44,SKU4250|SKU4051|SKU5579
D45,SKU3793|SKU4184
D46,SKU3869|SKU3504|SKU4184|SKU5033|SKU3862|SKU2411|SKU4279
D47,SKU919|SKU447|SKU486|SKU4228|SKU469|SKU6191|SKU4750|SKU3605|SKU1156|SKU2893|SKU3378|SKU4233|SKU1120|SKU3401|SKU2303
D48,SKU3077|SKU2587|SKU5299|SKU6410
D49,SKU4209|SKU4729|SKU4631|SKU5527|SKU4249|SKU5249|SKU5819|SKU3913
D50,SKU2246|SKU3113|SKU4279|SKU3504|SKU4184|SKU4142|SKU4882|SKU4710|SKU3171|SKU3806|SKU4031
D51,SKU4004|SKU3469|SKU5526|SKU3872|SKU4677
D52,SKU1448|SKU5546|SKU5261
D53,SKU2221|SKU4168
D54,SKU2320|SKU6224|SKU4227|SKU3676|SKU2311|SKU3409|SKU1949
D55,SKU2458|SKU2119|SKU2394|SKU2205
D56,SKU4172|SKU2833|SKU3700|SKU4133|SKU4063|SKU6246
D57,SKU2675|SKU3909|SKU1822|SKU6254|SKU5330|SKU265
D58,SKU1045|SKU1902|SKU2251|SKU3877
D59,SKU2987|SKU2403|SKU3257|SKU1699|SKU3239|SKU4196|SKU2893|SKU3629|SKU2264|SKU3922|SKU431|SKU6071
D60,SKU3947|SKU3841|SKU1889|SKU3534|SKU2978|SKU4282|SKU3084
D61,SKU3516|SKU6306|SKU4319|SKU6194|SKU3353
D62,SKU2337|SKU6124|SKU4098|SKU4239|SKU6232|SKU5347|SKU6097|SKU4147|SKU3341
D63,SKU6306|SKU6190
D64,SKU5937|SKU5959|SKU3759|SKU2979|SKU3825
D65,SKU6407|SKU81
D66,SKU3757|SKU4273|SKU6370|SKU2620|SKU3265|SKU4291|SKU4887|SKU2746|SKU1344|SKU4627|SKU233
D67,SKU6032|SKU1756|SKU3314|SKU2452|SKU3042|SKU4139|SKU3512
D68,SKU3874|SKU6306|SKU2467|SKU2014|SKU3078|SKU3899
D69,SKU2109|SKU4337|SKU4889|SKU4030|SKU3677|SKU3354
D70,SKU2198|SKU198|SKU2903
D71,SKU1107|SKU5134
D72,SKU2951|SKU6191|SKU4184|SKU6370|SKU146|SKU6107|SKU457|SKU2534
D73,SKU3223|SKU3014|SKU2061|SKU3044|SKU3946|SKU1967|SKU3865|SKU3371|SKU3456|SKU3236|SKU3171|SKU3035
D74,SKU2274|SKU2223|SKU2083
D75,SKU486|SKU3113|SKU1014|SKU469|SKU591|SKU3614|SKU2021|SKU2960|SKU4070|SKU3053|SKU3557|SKU2563|SKU1934|SKU5117|SKU2452|SKU3515|SKU3249|SKU2952|SKU447|SKU2185|SKU3487
D76,SKU3071|SKU832
D77,SKU3902|SKU5763
D78,SKU3332|SKU1996|SKU6353|SKU3535|SKU3969|SKU2807|SKU3002|SKU2196|SKU2562|SKU3519
D79,SKU3356|SKU6085
D80,SKU2575|SKU3507|SKU2380|SKU2156|SKU3378|SKU563|SKU2249|SKU2213
D81,SKU4150|SKU2952|SKU2436|SKU4206|SKU3467
D82,SKU4759|SKU152
D83,SKU3145|SKU2956
D84,SKU3170|SKU1896
D85,SKU2972|SKU3674|SKU3194|SKU4096|SKU3568
D86,SKU4038|SKU3838|SKU3850|SKU3584|SKU2975
D87,SKU6319|SKU4161|SKU3687|SKU4278
D88,SKU6350|SKU3968|SKU5752|SKU3167
D89,SKU878|SKU2492|SKU2294|SKU3126|SKU1918|SKU2227|SKU3862|SKU3170|SKU2436|SKU2017|SKU2431|SKU2486
D90,SKU3313|SKU2084|SKU3658|SKU3338
D91,SKU4284|SKU1705|SKU3535|SKU1937|SKU4150|SKU5241
D92,SKU2111|SKU4382|SKU2144|SKU2424|SKU2120|SKU2068|SKU1890|SKU2437|SKU6181|SKU1955|SKU2196|SKU1911|SKU1991|SKU2443|SKU58|SKU2866|SKU3363|SKU2481
D93,SKU5402|SKU3569|SKU2156|SKU2930|SKU2924|SKU2050|SKU6097|SKU2213
D94,SKU1923|SKU6191|SKU5574|SKU4139|SKU3217|SKU3282
D95,SKU2150|SKU2039|SKU2542|SKU2314|SKU3629|SKU2981|SKU1091
D96,SKU5542|SKU5590|SKU4184|SKU5928|SKU5944|SKU3512|SKU4142|SKU2314|SKU3078|SKU1086|SKU4216|SKU6138|SKU1185|SKU307
D97,SKU1923|SKU3504|SKU3545|SKU3018|SKU4142|SKU3636|SKU1783|SKU2482|SKU6296|SKU6396|SKU2212|SKU3363|SKU5375|SKU2310|SKU3641|SKU4431
D98,SKU2525|SKU2194
D99,SKU2384|SKU2416|SKU2390|SKU4266|SKU3504|SKU3336|SKU2921|SKU4254|SKU3862|SKU1560|SKU2434
D100,SKU3829|SKU3149|SKU4040
D101,SKU2182|SKU3018|SKU4038|SKU3147|SKU5313|SKU4006|SKU2338|SKU2993|SKU2561
D102,SKU5067|SKU1955|SKU6293
D103,SKU3148|SKU3005|SKU4030|SKU3370|SKU6309|SKU2910|SKU4876|SKU3358|SKU6219
D104,SKU6191|SKU5036
D105,SKU3101|SKU2403|SKU2467|SKU3596|SKU3858|SKU2497|SKU2014|SKU2082|SKU2357|SKU2489|SKU3676|SKU4300|SKU2161|SKU2492|SKU1949|SKU6219|SKU2213
D106,SKU2565|SKU1740|SKU2381
D107,SKU3846|SKU4163
D108,SKU3053|SKU2427
D109,SKU478|SKU2286|SKU5338|SKU25|SKU8
D110,SKU1583|SKU5764|SKU2134|SKU5722|SKU5613|SKU2441|SKU3269|SKU3862|SKU1272|SKU4456
D111,SKU3068|SKU3662|SKU5320|SKU4300
D112,SKU1516|SKU3277|SKU5751|SKU3862|SKU3170|SKU4020|SKU3816
D113,SKU3531|SKU3504|SKU4089|SKU3501|SKU152|SKU5745|SKU4431|SKU3677
D114,SKU3812|SKU4149|SKU1233|SKU2279|SKU5620|SKU3367|SKU2030|SKU3349|SKU1672|SKU6341|SKU4150|SKU3282|SKU2838|SKU3110|SKU2088|SKU2945
D115,SKU2819|SKU1092|SKU3510
D116,SKU4027|SKU3874|SKU4816|SKU2137|SKU4409|SKU3373|SKU2000|SKU1143|SKU3414|SKU4008|SKU3473|SKU2716|SKU4250|SKU3353|SKU1182
D117,SKU6124|SKU2208|SKU961|SKU2950|SKU434|SKU2952
D118,SKU4092|SKU4255
D119,SKU612|SKU2678|SKU2405
D120,SKU4184|SKU2909|SKU5068|SKU2019|SKU3239|SKU3676|SKU2017
D121,SKU2584|SKU4208|SKU3351|SKU2134|SKU3535|SKU2653|SKU3298
D122,SKU6306|SKU1936|SKU2437|SKU3029|SKU3583|SKU3041|SKU3961|SKU2107|SKU5034|SKU1244|SKU4038|SKU3863|SKU3286|SKU4150|SKU3432|SKU2368|SKU6083|SKU4272
D123,SKU5624|SKU5418
D124,SKU2420|SKU4291|SKU2777
D125,SKU4784|SKU3689|SKU1132|SKU6370|SKU3069|SKU2621|SKU5219|SKU2024|SKU1953|SKU6350|SKU4940|SKU1902|SKU988|SKU4986|SKU4953
D126,SKU6285|SKU3660|SKU4255
D127,SKU4263|SKU2467|SKU2373|SKU3805|SKU4170|SKU2432|SKU1942|SKU3271|SKU1903|SKU2993|SKU4819
D128,SKU704|SKU5306
D129,SKU2246|SKU2433|SKU3300|SKU6377|SKU2101|SKU3871|SKU2306|SKU3233
D130,SKU1406|SKU6165|SKU160|SKU499|SKU5546|SKU2744|SKU4230|SKU1156|SKU1916|SKU5613|SKU670|SKU2775|SKU4636|SKU2549|SKU2826
D131,SKU6306|SKU4252|SKU3510|SKU3971|SKU3077|SKU4170|SKU3855|SKU2998|SKU3826|SKU4191|SKU6219
D132,SKU4791|SKU5370|SKU4997
D133,SKU2591|SKU3453
D134,SKU3287|SKU3781|SKU1985|SKU4186|SKU3442
D135,SKU4105|SKU2031|SKU3996|SKU5872
D136,SKU748|SKU5098|SKU5019|SKU1570
D137,SKU3223|SKU2957
D138,SKU1719|SKU6218|SKU5094|SKU3593|SKU1073|SKU5404
D139,SKU3622|SKU2207
D140,SKU1949|SKU3531|SKU2120|SKU1886|SKU3652|SKU2956|SKU4030|SKU2249|SKU3743|SKU806|SKU3264|SKU2981|SKU3006|SKU5374
D141,SKU4084|SKU4209|SKU2125|SKU3502|SKU2514|SKU4214
D142,SKU2584|SKU2571|SKU2747|SKU2381|SKU2022|SKU5603|SKU715|SKU5911
D143,SKU3838|SKU1261|SKU1014|SKU4272|SKU2067|SKU3984|SKU1208|SKU6214|SKU6178|SKU3449|SKU3723|SKU3269|SKU4271|SKU2452|SKU3042|SKU2023|SKU3083|SKU3109|SKU3251|SKU5912|SKU3158|SKU5262|SKU5838|SKU833|SKU2921|SKU3078|SKU3895|SKU5896|SKU4761|SKU3227|SKU2434|SKU5275|SKU3487|SKU4579|SKU4838|SKU4413|SKU4019|SKU3005|SKU5757|SKU2731|SKU6101|SKU6216|SKU2261|SKU3588|SKU3409|SKU3605|SKU2910|SKU1170|SKU3018|SKU6392|SKU4038|SKU3862|SKU4279|SKU3330
D144,SKU2298|SKU6306|SKU3394|SKU3379|SKU6198|SKU4184|SKU3299|SKU6331|SKU4950|SKU4143|SKU6320|SKU3193|SKU3451|SKU3962|SKU6303
D145,SKU2907|SKU3504|SKU5303|SKU2487|SKU3851|SKU4010|SKU1901
D146,SKU2025|SKU2120|SKU4184|SKU4030|SKU6385|SKU4139|SKU3253|SKU2921|SKU3758|SKU3676|SKU1993|SKU1994|SKU3812|SKU1893|SKU3186|SKU3239|SKU218|SKU3489|SKU6294|SKU2150|SKU5958|SKU4254|SKU2954
D147,SKU4261|SKU4050|SKU1859|SKU6379|SKU5571|SKU1431|SKU3225
D148,SKU2150|SKU6191|SKU4142|SKU3052|SKU3325|SKU3641
D149,SKU2062|SKU6310|SKU2139|SKU6306|SKU2107|SKU3923
D150,SKU4802|SKU5419
D151,SKU6306|SKU4337|SKU3504|SKU3769|SKU4425|SKU1910|SKU1083|SKU3450|SKU4678|SKU2897
D152,SKU906|SKU6278|SKU832|SKU6191|SKU5169|SKU4810|SKU2334|SKU4824|SKU5691|SKU113|SKU605
D153,SKU6380|SKU6289
D154,SKU3289|SKU4781|SKU3248|SKU4258|SKU4059|SKU6138|SKU2180|SKU2185
D155,SKU4176|SKU1460|SKU2211|SKU3944
D156,SKU6170|SKU6191
D157,SKU3226|SKU1474|SKU3163|SKU5230
D158,SKU3085|SKU3299|SKU4350|SKU3103|SKU2795|SKU1023|SKU4379|SKU3483|SKU3678|SKU3850|SKU1717|SKU4348|SKU3147|SKU3443|SKU3994
D159,SKU4101|SKU5105
D160,SKU4382|SKU4218|SKU6293|SKU6285|SKU3253|SKU6370|SKU2921|SKU6295|SKU4023|SKU5501|SKU2040|SKU38|SKU2985|SKU3745|SKU3912
D161,SKU2575|SKU4184|SKU4609|SKU2381|SKU1827|SKU3196
D162,SKU2337|SKU6124|SKU2020|SKU2815
D163,SKU1925|SKU2957|SKU4302|SKU4038|SKU281|SKU3745|SKU4234|SKU113|SKU1993|SKU2059
D164,SKU2162|SKU4460
D165,SKU2298|SKU3608|SKU1967|SKU1998|SKU2222|SKU3245|SKU2881|SKU3265|SKU3917|SKU6216|SKU6130|SKU3240|SKU1874|SKU2036|SKU3363|SKU2583|SKU2269|SKU4301|SKU2093
D166,SKU2735|SKU4205|SKU5565|SKU2015|SKU4693|SKU2975|SKU3149|SKU4215
D167,SKU5379|SKU4626|SKU2592|SKU3862|SKU3194|SKU5754|SKU4636|SKU3162
D168,SKU3603|SKU2451|SKU3592|SKU3080
D169,SKU3287|SKU5247|SKU2884|SKU4210|SKU1130|SKU5958|SKU6107|SKU3356
D170,SKU4006|SKU3982
D171,SKU3812|SKU3773|SKU2333|SKU2912|SKU4030|SKU3322|SKU3629
D172,SKU4898|SKU3513|SKU1361
D173,SKU6191|SKU1148|SKU3269|SKU4184|SKU3668
D174,SKU1707|SKU4138|SKU3145|SKU13|SKU1750|SKU3489
D175,SKU4027|SKU4638|SKU3483|SKU3245|SKU3423|SKU753|SKU3863
D176,SKU3033|SKU5100|SKU3767
D177,SKU5167|SKU3005|SKU2067|SKU2164|SKU4240|SKU4234|SKU2318|SKU3511|SKU4203
D178,SKU4397|SKU3593|SKU3987|SKU2120
D179,SKU3223|SKU3263|SKU1565|SKU4184|SKU4272|SKU4142|SKU3456|SKU4234|SKU2036|SKU420
D180,SKU5140|SKU2039|SKU3140
D181,SKU3421|SKU3346|SKU4184|SKU3077|SKU4254|SKU3862|SKU1949
D182,SKU2892|SKU3039|SKU3219|SKU1024|SKU4268|SKU2610|SKU3382|SKU3047|SKU2104|SKU3432|SKU2213
D183,SKU3316|SKU2358|SKU3922|SKU2926
D184,SKU6191|SKU1947|SKU1990|SKU3479|SKU5067|SKU4030|SKU3041|SKU2104|SKU2087|SKU2969|SKU3735|SKU3806|SKU2335|SKU3641
D185,SKU2297|SKU2568|SKU3377|SKU3886
D186,SKU5248|SKU5779
D187,SKU3968|SKU1593|SKU2467|SKU1893|SKU2272|SKU4272|SKU2363|SKU4916|SKU4577|SKU2014|SKU2382|SKU5034|SKU3245|SKU2336|SKU6042|SKU1312|SKU4173|SKU2341|SKU1131|SKU1056
D188,SKU2416|SKU3901|SKU2055|SKU6370|SKU2593|SKU432|SKU2864
D189,SKU3417|SKU5735
D190,SKU2434|SKU3374|SKU1208
D191,SKU3649|SKU2583|SKU2067|SKU6243|SKU2835|SKU2589|SKU2059|SKU2203|SKU6270|SKU2213
D192,SKU6310|SKU2467|SKU2270|SKU3300|SKU3239|SKU4250
D193,SKU2209|SKU2403|SKU3817|SKU2452|SKU3040
D194,SKU104|SKU371
D195,SKU1257|SKU2291|SKU2751|SKU4139|SKU2914|SKU2341|SKU3132
D196,SKU3382|SKU2921|SKU3017
D197,SKU2975|SKU2120|SKU1902|SKU2009|SKU3894
D198,SKU2031|SKU1938
D199,SKU1014|SKU3486|SKU4297|SKU4154|SKU1189|SKU3487
D200,SKU4365|SKU199|SKU4877|SKU5352|SKU4864|SKU4030|SKU6218|SKU4302|SKU2420|SKU2969|SKU223
D201,SKU4136|SKU3871
D202,SKU6288|SKU6286|SKU6282
D203,SKU3332|SKU2083|SKU3624|SKU1867|SKU2015|SKU4038|SKU4108|SKU2472|SKU2154
D204,SKU2418|SKU3482
D205,SKU4098|SKU4038|SKU1495|SKU2362|SKU1153|SKU2016|SKU2472|SKU2560|SKU3353|SKU2059
D206,SKU2061|SKU3041|SKU4144|SKU5036
D207,SKU3755|SKU3357|SKU2915
D208,SKU6306|SKU3657|SKU3263|SKU3901|SKU1011|SKU6281|SKU3504|SKU4184|SKU3630|SKU3571|SKU4174|SKU5757|SKU4139|SKU3870|SKU4279|SKU6246|SKU4404
D209,SKU4260|SKU3141|SKU3453|SKU4655
D210,SKU3432|SKU6295
D211,SKU4184|SKU4350|SKU3805|SKU3029|SKU4142|SKU1208|SKU2219|SKU4342|SKU2212
D212,SKU3406|SKU3850
D213,SKU785|SKU1070
D214,SKU6306|SKU2299|SKU3479|SKU2197|SKU4272|SKU2910|SKU2973|SKU6309|SKU4753|SKU4143|SKU3455|SKU3473|SKU4059|SKU2905|SKU3863|SKU955
D215,SKU2475|SKU2385|SKU3513|SKU2906|SKU461
D216,SKU2967|SKU1992|SKU2229|SKU3947|SKU5997
D217,SKU2451|SKU2054|SKU2898|SKU2269|SKU2924
D218,SKU2795|SKU6286
D219,SKU3050|SKU4234|SKU3165|SKU1676|SKU3863|SKU2340
D220,SKU6294|SKU6295|SKU6296
D221,SKU6308|SKU3862
D222,SKU3093|SKU3326|SKU2476
D223,SKU1281|SKU2039|SKU4527
D224,SKU4123|SKU4108
D225,SKU4902|SKU4184|SKU3660|SKU4142|SKU3781|SKU4006|SKU2081
D226,SKU845|SKU6127|SKU2405|SKU660|SKU4254|SKU6305|SKU5449
D227,SKU3886|SKU3225
D228,SKU4278|SKU3514|SKU2039|SKU2441|SKU3008|SKU2504
D229,SKU6278|SKU6279
D230,SKU4302|SKU3356|SKU3506|SKU4509|SKU3781
D231,SKU1127|SKU657
D232,SKU5625|SKU5715
D233,SKU3677|SKU3169|SKU3841
D234,SKU4788|SKU2065
D235,SKU6306|SKU3312|SKU3277|SKU4934|SKU4108|SKU3912|SKU3894
D236,SKU4302|SKU5497
D237,SKU3014|SKU4184|SKU5349|SKU2040|SKU4279|SKU5048
D238,SKU612|SKU3595|SKU1890|SKU2121|SKU2104|SKU4254|SKU2724|SKU3171|SKU3745
D239,SKU4266|SKU5541|SKU5608|SKU3804|SKU2895|SKU6091|SKU3649
D240,SKU4198|SKU330
D241,SKU4754|SKU1960|SKU1071|SKU1658|SKU4824|SKU1120|SKU2964
D242,SKU4480|SKU3568|SKU4004|SKU3538|SKU5731|SKU3916|SKU3674|SKU4720|SKU4992|SKU3905|SKU5856
D243,SKU2479|SKU4184|SKU3239|SKU4302|SKU2539|SKU2043
D244,SKU3283|SKU5746|SKU3805|SKU1870|SKU1907|SKU2555|SKU2544|SKU3804|SKU3855|SKU4909|SKU3170|SKU3065|SKU3688|SKU3353
D245,SKU5342|SKU3322|SKU4014|SKU2922
D246,SKU5190|SKU5699|SKU3657|SKU5437
D247,SKU3287|SKU2967|SKU3711|SKU5986|SKU1256|SKU5594|SKU6305|SKU1973|SKU3233|SKU1995|SKU3489
D248,SKU4489|SKU6052
D249,SKU1153|SKU3394|SKU1940
D250,SKU6201|SKU5791|SKU6385|SKU4621|SKU6381
D251,SKU6285|SKU6288|SKU6287|SKU6286
D252,SKU5143|SKU2134|SKU3535|SKU3584|SKU3676|SKU5575|SKU6219|SKU2721
D253,SKU3682|SKU3080
D254,SKU3642|SKU3417|SKU2734|SKU3319|SKU3804|SKU5355|SKU3917|SKU4943|SKU3727|SKU2549
D255,SKU5598|SKU5354
D256,SKU4239|SKU2989|SKU3652|SKU2957|SKU4142|SKU4196|SKU2788|SKU3862|SKU2085|SKU3641|SKU3341
D257,SKU2036|SKU906|SKU3577|SKU3758|SKU2427
D258,SKU3157|SKU5473|SKU3504|SKU2019|SKU2788|SKU6305|SKU3453|SKU1892|SKU2981|SKU1914
D259,SKU2693|SKU2513|SKU2467|SKU2515|SKU5868|SKU3595|SKU3854|SKU1883|SKU2041|SKU34|SKU2695|SKU2063|SKU3454|SKU1993
D260,SKU4373|SKU2345|SKU4343|SKU5031|SKU4461|SKU3458|SKU2501|SKU4440|SKU3560|SKU3855|SKU3456|SKU6341|SKU4150|SKU3420
D261,SKU2555|SKU2594
D262,SKU4302|SKU4098
D263,SKU2917|SKU1565|SKU1233|SKU5463|SKU3524|SKU3678|SKU3442|SKU2653|SKU3340|SKU933|SKU2573|SKU3382|SKU4261|SKU4060|SKU4144|SKU4128
D264,SKU5266|SKU3197|SKU5127
D265,SKU4038|SKU2067
D266,SKU2155|SKU4179
D267,SKU4056|SKU4273|SKU3381|SKU729|SKU3170|SKU1922|SKU2319|SKU4903
D268,SKU3346|SKU3769|SKU878|SKU4667|SKU4272|SKU3239|SKU2036|SKU1962|SKU3894
D269,SKU6370|SKU3335
D270,SKU1070|SKU2090|SKU3378|SKU975|SKU2310|SKU5508|SKU2791|SKU3050|SKU4196|SKU2022|SKU785|SKU3857|SKU1872|SKU2981|SKU2107|SKU6099|SKU1942|SKU1903|SKU3478|SKU3960|SKU2371|SKU2276|SKU2515|SKU2019|SKU2315|SKU2736|SKU2340
D271,SKU4239|SKU4264|SKU3874|SKU2061|SKU4184|SKU6310|SKU3769|SKU2039|SKU3041|SKU3547|SKU1629|SKU2472|SKU4895|SKU401|SKU4279|SKU3982|SKU5036
D272,SKU4239|SKU2791|SKU2909|SKU4227|SKU2462|SKU6370|SKU3871|SKU2981|SKU3354
D273,SKU6286|SKU4275
D274,SKU3849|SKU4279|SKU3469|SKU6307
D275,SKU6082|SKU3691|SKU6283
D276,SKU2957|SKU4086|SKU4265
D277,SKU3625|SKU3056|SKU2229|SKU2563|SKU2227|SKU6141
D278,SKU5342|SKU3322|SKU2922
D279,SKU4302|SKU3917|SKU2795|SKU5575|SKU3717
D280,SKU6270|SKU4798
D281,SKU2221|SKU1911|SKU4168|SKU2909
D282,SKU6306|SKU3415|SKU2168|SKU3005|SKU1971|SKU2156|SKU3996|SKU3017|SKU2016|SKU6219
D283,SKU1353|SKU3339|SKU5721|SKU1866|SKU1661|SKU2302
D284,SKU4217|SKU4337|SKU3633|SKU3378|SKU3354|SKU4172|SKU3142
D285,SKU2791|SKU5818|SKU2848|SKU4273|SKU1867|SKU3033|SKU1920|SKU2130
D286,SKU6377|SKU6381
D287,SKU5868|SKU4030|SKU1910|SKU3291|SKU5413|SKU6385|SKU2452|SKU2016|SKU3745|SKU1872|SKU2255|SKU3006|SKU2552|SKU2427
D288,SKU4220|SKU4179|SKU6191|SKU4278|SKU3418|SKU6361|SKU6370|SKU2933|SKU5751|SKU3096|SKU2918|SKU3676|SKU4059|SKU3042|SKU3065|SKU4069|SKU3816|SKU4079
D289,SKU2002|SKU3900|SKU335|SKU521|SKU3017|SKU1949|SKU4809|SKU3225|SKU6243
D290,SKU2672|SKU2313|SKU4942|SKU3856|SKU3664|SKU1623|SKU3567|SKU3643|SKU3651|SKU3203|SKU1946|SKU1919|SKU4529|SKU2314|SKU2539|SKU2017|SKU3566|SKU3161|SKU5323
D291,SKU3009|SKU3827|SKU3748|SKU3131|SKU1970|SKU3905
D292,SKU3504|SKU2761|SKU1699|SKU2452|SKU4108|SKU2335|SKU3363
D293,SKU599|SKU3440
D294,SKU4720
D295,SKU5298|SKU6290|SKU4208
D296,SKU6310|SKU5740|SKU761|SKU6276|SKU6289|SKU2998|SKU3480|SKU6277|SKU5683|SKU4128
D297,SKU3410|SKU3966|SKU3419|SKU3160
D298,SKU4222|SKU2162|SKU5440|SKU3862|SKU5350
D299,SKU5970|SKU3957
D300,SKU3982|SKU1921|SKU3781|SKU3805
D301,SKU3568|SKU3077|SKU3712|SKU1783|SKU4720|SKU1949
D302,SKU3583|SKU6243
D303,SKU2358|SKU2061|SKU2867|SKU2554|SKU1262|SKU4069|SKU6370|SKU3041|SKU2950|SKU3884|SKU4038|SKU4529|SKU4117|SKU2472|SKU2952|SKU5809|SKU2994|SKU4203|SKU2059
D304,SKU3755|SKU3263|SKU6308|SKU3644|SKU2969|SKU6095|SKU6150|SKU2921|SKU3052|SKU3078|SKU4275|SKU3511|SKU3267|SKU3357|SKU2610|SKU2534|SKU4161|SKU3689|SKU3029|SKU4909|SKU5013|SKU2205
D305,SKU2291|SKU2124
D306,SKU4239|SKU3014|SKU2120|SKU3504|SKU3595|SKU3769|SKU3689|SKU3676|SKU2310|SKU4162
D307,SKU4101|SKU2921|SKU2356|SKU4006|SKU2155|SKU4339
D308,SKU4407|SKU3212|SKU1921|SKU3381|SKU6112|SKU3876
D309,SKU4099|SKU2989|SKU4156|SKU3841|SKU3138|SKU5197|SKU4282|SKU1136|SKU5032
D310,SKU4027|SKU3158|SKU3086|SKU5274|SKU4272|SKU3850|SKU4985|SKU1336|SKU1984|SKU2356|SKU4139|SKU4261|SKU6080
D311,SKU4576|SKU4819|SKU4996
D312,SKU4116|SKU1157|SKU1799|SKU5539|SKU881|SKU5660|SKU2431|SKU4279|SKU6219|SKU5997|SKU314
D313,SKU3516|SKU4266|SKU3504|SKU6281|SKU1771|SKU4272|SKU4030|SKU3940|SKU4142|SKU3958|SKU4074|SKU6371|SKU4279|SKU4203
D314,SKU2755|SKU2930
D315,SKU2584|SKU3504|SKU6370|SKU17|SKU3781|SKU2475
D316,SKU3513|SKU3005|SKU3077|SKU6330|SKU3547|SKU4669|SKU1949|SKU3460|SKU2427
D317,SKU4388|SKU2511|SKU4404
D318,SKU5416|SKU3749
D319,SKU110|SKU407|SKU2656|SKU1992|SKU2043|SKU549|SKU170
D320,SKU5682|SKU5063
D321,SKU3504|SKU2912|SKU1967|SKU4006|SKU3036|SKU2431|SKU2946
D322,SKU5726|SKU3541
D323,SKU3148|SKU3382|SKU6255
D324,SKU4220|SKU3968|SKU6191|SKU4234|SKU3041|SKU1733|SKU1910|SKU6295|SKU4139|SKU3106
D325,SKU2437|SKU3486|SKU1014
D326,SKU4266|SKU4030|SKU3737|SKU3862|SKU3170|SKU2059
D327,SKU915|SKU847
D328,SKU4373|SKU4440|SKU4441
D329,SKU4132|SKU1257|SKU2315|SKU1495|SKU4113|SKU3282
D330,SKU1057|SKU5574
D331,SKU5181|SKU3649
D332,SKU3069|SKU3450|SKU2452|SKU3170|SKU2073|SKU2981
D333,SKU6317|SKU2451|SKU1208|SKU4196|SKU2040|SKU969|SKU4233|SKU710
D334,SKU4101|SKU3614
D335,SKU3504|SKU3077|SKU5140|SKU6370|SKU4903|SKU3781|SKU2306|SKU4265|SKU4131|SKU4298|SKU3533
D336,SKU5109|SKU857
D337,SKU6284|SKU6283
D338,SKU4309|SKU3071|SKU4983|SKU6218|SKU1205|SKU5161|SKU3199|SKU6217|SKU5623|SKU5971
D339,SKU486|SKU469|SKU98|SKU3077|SKU3041|SKU3584|SKU3886|SKU1634|SKU2731|SKU4038|SKU4878|SKU447|SKU6270
D340,SKU4184|SKU2957|SKU3804|SKU5086|SKU3473|SKU3973|SKU4020|SKU3027
D341,SKU3113|SKU3828|SKU4828|SKU3041|SKU4038|SKU501|SKU3913
D342,SKU4149|SKU6309|SKU2329|SKU1208
D343,SKU2243|SKU3275|SKU2817
D344,SKU4266|SKU3640|SKU5849|SKU2333|SKU4184|SKU6191|SKU5318|SKU4272|SKU4170|SKU2452|SKU3017|SKU3519|SKU4203|SKU2945
D345,SKU2724|SKU3759|SKU3839|SKU2884
D346,SKU4769|SKU2986|SKU4940|SKU2727
D347,SKU3584|SKU1506|SKU3292
D348,SKU2467|SKU3652|SKU4227|SKU3253|SKU2316|SKU4196|SKU6305|SKU3967|SKU3491|SKU1993|SKU2160
D349,SKU3356|SKU6278|SKU3541|SKU2333
D350,SKU2092|SKU4816|SKU2240|SKU3345|SKU2966|SKU2788|SKU2185
D351,SKU3667|SKU3279|SKU4184|SKU3351|SKU3420|SKU3806|SKU2148|SKU2952|SKU4037
D352,SKU2970|SKU2289|SKU3833|SKU4038|SKU3171|SKU2472|SKU3161|SKU3894
D353,SKU2227|SKU4018|SKU4215
D354,SKU6305|SKU4050
D355,SKU812|SKU5868|SKU6191|SKU5901|SKU2408|SKU2012|SKU1902|SKU4441|SKU276|SKU2200|SKU2271|SKU3899
D356,SKU4785|SKU2967|SKU2957|SKU4223|SKU1960|SKU4348|SKU3141|SKU4286|SKU4549|SKU3894
D357,SKU2369|SKU3349
D358,SKU1487|SKU4798
D359,SKU684|SKU1635
D360,SKU3846|SKU2698|SKU2203|SKU4609
D361,SKU3812|SKU4098|SKU3077|SKU2039|SKU5140|SKU3018|SKU4302|SKU2969|SKU4298
D362,SKU3432|SKU3507
D363,SKU5185|SKU2403|SKU4220|SKU2625|SKU4179|SKU3418|SKU2419|SKU4375|SKU3651|SKU1219|SKU2349|SKU4395|SKU5016|SKU1727|SKU2883
D364,SKU342|SKU3077|SKU1898|SKU3277|SKU3378|SKU2046
D365,SKU4282|SKU4099|SKU1260
D366,SKU6285|SKU6292|SKU6289|SKU6286
D367,SKU5352|SKU4030|SKU3280
D368,SKU2625|SKU1219|SKU769
D369,SKU5380|SKU3126
D370,SKU486|SKU6294|SKU469|SKU4407|SKU6370|SKU3018|SKU2472|SKU447
D371,SKU6306|SKU2577|SKU2163|SKU2361|SKU2200|SKU4214|SKU4301|SKU2059
D372,SKU6304|SKU6303
D373,SKU2561|SKU4087|SKU3059|SKU6370|SKU2490|SKU4275|SKU1871|SKU3253
D374,SKU5276|SKU4184|SKU3041|SKU908|SKU4038|SKU2472|SKU880
D375,SKU4196|SKU3208
D376,SKU6191|SKU2596|SKU3077|SKU1699|SKU5793|SKU3218|SKU2036|SKU1871|SKU1835
D377,SKU6323|SKU6322
D378,SKU5438|SKU4624|SKU3185
D379,SKU6370|SKU3473|SKU2684|SKU3027|SKU3745|SKU3907|SKU1438
D380,SKU692|SKU6201|SKU5791|SKU5036
D381,SKU4113|SKU2931
D382,SKU3356|SKU4242
D383,SKU6084|SKU2118|SKU3438|SKU2184|SKU2369
D384,SKU5160|SKU2339|SKU68|SKU2474|SKU3074
D385,SKU2337|SKU2271|SKU2036
D386,SKU3394|SKU3746
D387,SKU3816|SKU2538|SKU2452|SKU2769|SKU5833
D388,SKU6006|SKU5415|SKU3532
D389,SKU6350|SKU6355
D390,SKU4098|SKU4279|SKU2244
D391,SKU6284|SKU2358|SKU3887|SKU6283|SKU2083|SKU1951|SKU4272|SKU4273|SKU1921|SKU6164|SKU4038|SKU2356|SKU2452|SKU1153|SKU2034|SKU2454|SKU5488|SKU4128
D392,SKU3287|SKU4337|SKU6191|SKU5067|SKU2015|SKU3958|SKU3862|SKU3017
D393,SKU5049|SKU342|SKU2592|SKU3413|SKU4143|SKU5102|SKU5113|SKU6042|SKU457
D394,SKU104|SKU114
D395,SKU2378|SKU5106|SKU4151|SKU2132
D396,SKU4108|SKU3463|SKU3129|SKU3057|SKU3489
D397,SKU3504|SKU974|SKU1363|SKU2816|SKU301|SKU2549
D398,SKU5183|SKU4577|SKU4630|SKU2209|SKU3934|SKU2397|SKU4827|SKU71|SKU6083|SKU4370|SKU5076
D399,SKU3678|SKU4139
D400,SKU4094|SKU4467|SKU2769
D401,SKU4826|SKU3970|SKU3016|SKU2194|SKU4215
D402,SKU3287|SKU6191
D403,SKU4006|SKU3781
D404,SKU4483|SKU2103
D405,SKU5516|SKU3930|SKU3648
D406,SKU3077|SKU4199|SKU3778|SKU4572|SKU3573|SKU2210
D407,SKU4365|SKU4067|SKU2107|SKU2957|SKU3316|SKU3033|SKU2778|SKU2511|SKU6286
D408,SKU4365|SKU4435|SKU4403|SKU3682|SKU3315|SKU2292|SKU4198|SKU3290|SKU2778|SKU4134|SKU4364
D409,SKU5855|SKU4997|SKU4996
D410,SKU6325|SKU2817|SKU3652|SKU2504|SKU2914|SKU2052
D411,SKU3531|SKU3743
D412,SKU2993|SKU3923|SKU812|SKU4177
D413,SKU2337|SKU4234|SKU5124|SKU1930|SKU2643|SKU3096|SKU5997|SKU3282|SKU3566
D414,SKU3898|SKU4184|SKU4157|SKU1867|SKU2439|SKU3547|SKU3152|SKU4196|SKU3781|SKU3756|SKU3745
D415,SKU5833|SKU3690
D416,SKU3309|SKU3863|SKU3894|SKU5080|SKU2272
D417,SKU3194|SKU3876
D418,SKU4226|SKU2083|SKU4157|SKU6085|SKU4576|SKU1954|SKU6195
D419,SKU315|SKU3476|SKU2463|SKU6308|SKU2360|SKU2965
D420,SKU4784|SKU5775|SKU1931|SKU4123|SKU3595|SKU2493|SKU2749|SKU3545|SKU2014|SKU2957|SKU6385|SKU6380|SKU3501|SKU1894|SKU6381
D421,SKU4226|SKU388
D422,SKU131|SKU107|SKU253|SKU189
D423,SKU3906|SKU3476|SKU2965|SKU3893
D424,SKU5231|SKU859
D425,SKU3322|SKU4014
D426,SKU2246|SKU85|SKU506|SKU3931|SKU2569|SKU40|SKU2192|SKU231
D427,SKU4266|SKU4030|SKU3862|SKU4052
D428,SKU2941|SKU2157|SKU6319|SKU2491|SKU2560|SKU1922|SKU3432
D429,SKU6270|SKU6217|SKU3987|SKU2585
D430,SKU3979|SKU1308|SKU3504|SKU2554|SKU6370|SKU5857|SKU3917|SKU3141|SKU2186|SKU522|SKU4085
D431,SKU2970|SKU4239|SKU4110|SKU2230|SKU3820|SKU3535|SKU2991|SKU3368|SKU3455|SKU3765|SKU4196|SKU2934|SKU2983|SKU2937|SKU4026|SKU6375|SKU2200|SKU3044
D432,SKU3039|SKU2150|SKU3741|SKU3041|SKU3881|SKU3783|SKU3549|SKU3922
D433,SKU899|SKU3548|SKU919|SKU6370
D434,SKU5878|SKU3894
D435,SKU1009|SKU5834|SKU2604|SKU4055|SKU3875|SKU2816
D436,SKU4149|SKU6306|SKU3504|SKU3885|SKU4721|SKU2578|SKU6212|SKU2381|SKU5647|SKU2249|SKU2536|SKU5779|SKU2334|SKU3600|SKU6030|SKU2750
D437,SKU4890|SKU3170|SKU4491
D438,SKU4205|SKU1260|SKU968
D439,SKU1889|SKU2014|SKU1965|SKU2650|SKU2398|SKU2156|SKU6141|SKU3781|SKU3937|SKU3906|SKU3013|SKU3376
D440,SKU1972|SKU3696|SKU4184|SKU3993|SKU3435|SKU4196|SKU2532|SKU3363|SKU3506|SKU3341
D441,SKU1654|SKU3417|SKU3192
D442,SKU5170|SKU988
D443,SKU3724|SKU3666|SKU2945
D444,SKU6275|SKU1627|SKU3571|SKU3745|SKU1094
D445,SKU1566|SKU2229|SKU5250|SKU6085|SKU3895|SKU901|SKU5070|SKU3862|SKU3698|SKU6083|SKU2428
D446,SKU6346|SKU4511|SKU1512|SKU5917|SKU3850|SKU2211|SKU2583|SKU3922
D447,SKU4098|SKU6070|SKU4184|SKU2333|SKU2272|SKU2203|SKU2981
D448,SKU3033|SKU3265|SKU3188
D449,SKU3198|SKU760
D450,SKU2358|SKU2343|SKU2472|SKU3970|SKU3432|SKU2059
D451,SKU3005|SKU3227|SKU4301
D452,SKU4266|SKU1505|SKU4329|SKU4290|SKU4331|SKU3170|SKU1484|SKU2332|SKU3745|SKU3640
D453,SKU2584|SKU5639|SKU2467|SKU1044|SKU3069|SKU6270|SKU1251|SKU3989|SKU3318|SKU1495|SKU2436|SKU5655|SKU3745|SKU431|SKU5348|SKU4206|SKU3424|SKU3282|SKU2534|SKU534|SKU1705|SKU3096|SKU2227|SKU5961|SKU3027|SKU420
D454,SKU5631|SKU1127|SKU657
D455,SKU4284|SKU2571|SKU3659
D456,SKU2791|SKU4184|SKU3239|SKU1991|SKU3676|SKU1942|SKU3506
D457,SKU1247|SKU782
D458,SKU4348|SKU6315|SKU4393|SKU3628
D459,SKU6374|SKU5117
D460,SKU5087|SKU2678
D461,SKU1892|SKU4149|SKU4273|SKU5392|SKU5766
D462,SKU3432|SKU6279
D463,SKU5100|SKU6219
D464,SKU2967|SKU3689|SKU3504|SKU5505|SKU826|SKU6295|SKU1696|SKU2356|SKU3862|SKU2244|SKU4234|SKU4006|SKU2759|SKU3982
D465,SKU4287|SKU6373|SKU3216|SKU3805|SKU3894|SKU6276|SKU6372|SKU6371|SKU4293|SKU4121|SKU3600|SKU4580|SKU3821|SKU3524
D466,SKU3745|SKU6279
D467,SKU2181|SKU6216|SKU5617|SKU4463
D468,SKU4038|SKU2061|SKU3041|SKU2561|SKU2472
D469,SKU6087|SKU4273|SKU2114|SKU2567|SKU6305|SKU3286|SKU1902|SKU2296|SKU6303
D470,SKU4209|SKU2021|SKU6033|SKU4216|SKU3444|SKU4214|SKU3913
D471,SKU5160|SKU3867|SKU1771|SKU3041|SKU2794|SKU4038|SKU3432
D472,SKU4170|SKU3700|SKU4676|SKU4280|SKU5490|SKU3480|SKU3973|SKU4172|SKU4128
D473,SKU2227|SKU4010|SKU328|SKU2907
D474,SKU2017|SKU2437|SKU3881|SKU2859
D475,SKU2111|SKU2791|SKU2989|SKU1886|SKU3531|SKU2113|SKU3138|SKU3371|SKU6370|SKU4142|SKU1387|SKU3375|SKU3914|SKU2457|SKU3324|SKU4196|SKU2655|SKU895|SKU1001
D476,SKU3098|SKU3121|SKU1017|SKU4300
D477,SKU5682|SKU4255|SKU4222|SKU4304|SKU2162|SKU4438
D478,SKU2111|SKU3930
D479,SKU2246|SKU1621|SKU5281|SKU2222|SKU3702|SKU2024|SKU3218|SKU2341|SKU3939|SKU4041|SKU1967|SKU2291|SKU3321|SKU1783|SKU3381|SKU3078|SKU3473|SKU1872|SKU2319|SKU2549|SKU6210|SKU3812|SKU2345|SKU2382|SKU2269|SKU3806|SKU2411|SKU2428|SKU2174|SKU1877|SKU5493|SKU5034|SKU1919|SKU3146
D480,SKU3874|SKU6191|SKU3850|SKU2583|SKU1933|SKU3640
D481,SKU4302|SKU1367|SKU3170
D482,SKU2584|SKU2590|SKU2227|SKU2783|SKU2346|SKU2436|SKU2534|SKU2537
D483,SKU4206|SKU4081|SKU5413|SKU2335|SKU504|SKU2798
D484,SKU3842|SKU3207
D485,SKU1292|SKU5015|SKU2549|SKU3504|SKU2972
D486,SKU4184|SKU3351|SKU4142|SKU4254|SKU3700|SKU5900|SKU6305|SKU4196|SKU2227|SKU2531|SKU2436|SKU4172
D487,SKU1191|SKU790
D488,SKU6306|SKU2467|SKU2061|SKU1967|SKU898|SKU2014|SKU6370
D489,SKU4239|SKU4279|SKU6295
D490,SKU3065|SKU3209
D491,SKU6295|SKU6296
D492,SKU5285|SKU6307
D493,SKU1973|SKU3930|SKU2083|SKU1995|SKU2015
D494,SKU3210|SKU6191|SKU3898|SKU4272|SKU1854|SKU3688
D495,SKU4006|SKU2719|SKU3713|SKU3696|SKU1478
D496,SKU3047|SKU2023|SKU3227|SKU5691|SKU1504
D497,SKU2749|SKU1306|SKU4078|SKU2320
D498,SKU4926|SKU3773|SKU6191|SKU2145|SKU129|SKU1896|SKU3245|SKU4254|SKU4196|SKU2647|SKU354|SKU1969|SKU2267|SKU2496
D499,SKU1707|SKU4321|SKU5340|SKU5730|SKU3934|SKU886|SKU3217
D500,SKU2378|SKU5106
D501,SKU1297|SKU875|SKU597|SKU1545
D502,SKU6384|SKU3077|SKU3723|SKU2110|SKU4184
D503,SKU5274|SKU5059
D504,SKU1479|SKU3745
D505,SKU73|SKU3862|SKU2640
D506,SKU3874|SKU1928|SKU3910|SKU2780|SKU6191|SKU2307|SKU2014|SKU4551|SKU2517|SKU3286|SKU2352|SKU3347|SKU6219|SKU2556|SKU2427
D507,SKU4252|SKU199|SKU2187|SKU5986|SKU4097|SKU3371|SKU4175|SKU5296|SKU2372|SKU4994|SKU1021|SKU1123|SKU1352|SKU3864|SKU3196|SKU3922|SKU6151|SKU6286
D508,SKU3758|SKU2116|SKU5215
D509,SKU3471|SKU2083|SKU2015
D510,SKU3068|SKU2120|SKU2989|SKU3793|SKU2744|SKU5078|SKU2420|SKU3676|SKU1872|SKU3169|SKU3548|SKU2981|SKU3341
D511,SKU2563|SKU3320|SKU4040
D512,SKU4797|SKU2390|SKU3198|SKU4169|SKU4184|SKU3769|SKU4273|SKU1792|SKU3079|SKU6107|SKU2475|SKU4279|SKU2368|SKU2008
D513,SKU6370|SKU2316|SKU2206
D514,SKU4217|SKU3689|SKU3504|SKU3535|SKU6370|SKU4836|SKU3162|SKU4236
D515,SKU3535|SKU1868|SKU2539|SKU3628
D516,SKU4864|SKU1499
D517,SKU1503|SKU1099|SKU999
D518,SKU4052|SKU3449|SKU6370|SKU2112|SKU3338
D519,SKU919|SKU2337|SKU315|SKU2526|SKU697|SKU3232|SKU4951|SKU4830|SKU3315|SKU1957|SKU5637|SKU5363|SKU5938|SKU6174|SKU2985|SKU5615|SKU5529
D520,SKU5387|SKU6065|SKU6370|SKU982|SKU6305|SKU3387|SKU5489|SKU4723
D521,SKU1707|SKU3123|SKU3664|SKU3138|SKU4254|SKU2227|SKU2436|SKU5660|SKU3970|SKU2534
D522,SKU3504|SKU3769|SKU2452|SKU5602|SKU2411|SKU3640
D523,SKU2188|SKU4128
D524,SKU3351|SKU2952|SKU2950|SKU4594
D525,SKU4188|SKU6370
D526,SKU1236|SKU1182
D527,SKU5864|SKU5318|SKU5414|SKU3504|SKU3270
D528,SKU4602|SKU4578
D529,SKU3432|SKU3900
D530,SKU3432|SKU3529
D531,SKU4003|SKU2966|SKU3393
D532,SKU6017|SKU4264|SKU3014|SKU3063|SKU5067|SKU1910|SKU6370|SKU4196|SKU2200|SKU2561
D533,SKU3033|SKU3088|SKU5965|SKU4289
D534,SKU2475|SKU1892|SKU1872
D535,SKU3530|SKU2707|SKU4383|SKU4258|SKU4231|SKU4216|SKU3687|SKU1565|SKU3758|SKU4274|SKU4240|SKU3864|SKU3745|SKU4381|SKU1445|SKU2562|SKU5094|SKU2957|SKU2822|SKU3313|SKU2536|SKU6138|SKU6302
D536,SKU3828|SKU4040|SKU4087|SKU4176|SKU2405|SKU2551|SKU3660|SKU3958|SKU3676|SKU3170|SKU4234|SKU4069|SKU4203
D537,SKU1349|SKU2713|SKU909|SKU1308|SKU1298|SKU445|SKU6305|SKU4984|SKU2018|SKU1633
D538,SKU3096|SKU6137|SKU4124|SKU3043|SKU4170
D539,SKU2368|SKU261
D540,SKU919|SKU6393|SKU3457|SKU3840
D541,SKU5634|SKU4884|SKU3938|SKU4025
D542,SKU2009|SKU1883|SKU1930|SKU2356|SKU2452|SKU3453|SKU3781|SKU5997
D543,SKU2993|SKU3272
D544,SKU2036|SKU1947
D545,SKU4269|SKU2467|SKU1424|SKU1251|SKU2538|SKU2271|SKU1992|SKU2452|SKU3033|SKU2911|SKU6219|SKU5948
D546,SKU2410|SKU1967|SKU6370|SKU2457|SKU5134|SKU1872|SKU5529
D547,SKU3207|SKU3022|SKU3568
D548,SKU6281|SKU3641|SKU4143
D549,SKU1514|SKU4571|SKU1159|SKU3767|SKU3207|SKU4964|SKU5741|SKU4096
D550,SKU2224|SKU3479|SKU1990|SKU2973|SKU2921|SKU2695|SKU955
D551,SKU1610|SKU1451|SKU5202
D552,SKU563|SKU388
D553,SKU5133|SKU5151|SKU3381|SKU4038|SKU1495|SKU2536|SKU2562|SKU1905|SKU3489
D554,SKU4847|SKU2948
D555,SKU6305|SKU2967
D556,SKU3492|SKU1061|SKU3092|SKU6306|SKU4110|SKU2187|SKU974|SKU2268|SKU1958|SKU6040|SKU3473|SKU4119|SKU702|SKU4203|SKU4013
D557,SKU6282|SKU6293
D558,SKU2989|SKU5771|SKU1608|SKU3624|SKU1783|SKU1872|SKU4940|SKU3733|SKU6130|SKU501|SKU3506|SKU3087|SKU4410
D559,SKU3898|SKU3504|SKU3317|SKU2257|SKU1539|SKU367|SKU2356|SKU3862|SKU1848|SKU2387|SKU1727|SKU3442
D560,SKU512|SKU2955|SKU5639|SKU2030|SKU2769|SKU1873|SKU2587|SKU1887|SKU5439|SKU2156|SKU3754|SKU1973|SKU4456|SKU5348|SKU2847|SKU4467
D561,SKU4027|SKU4382|SKU3773|SKU4161|SKU2109|SKU3867|SKU2493|SKU4278|SKU3850|SKU2544|SKU2338
D562,SKU4030|SKU3745|SKU4148|SKU2921
D563,SKU4181|SKU3457|SKU4296|SKU3333|SKU4300|SKU3430|SKU3348|SKU2945
D564,SKU4252|SKU5379|SKU318|SKU2484|SKU4097|SKU2325|SKU4216|SKU2036|SKU2959|SKU2473|SKU3204|SKU2214|SKU3334
D565,SKU5188|SKU3113|SKU3972|SKU2379|SKU4155|SKU1386|SKU2514|SKU4280|SKU3017|SKU3161
D566,SKU2212|SKU6308|SKU2335|SKU3218
D567,SKU4098|SKU6370
D568,SKU6301|SKU3767
D569,SKU6313|SKU6307
D570,SKU2584|SKU6191|SKU3002|SKU2490|SKU1641|SKU4038|SKU5401|SKU4059|SKU4078|SKU2310
D571,SKU6310|SKU2333|SKU6289|SKU3352|SKU2036|SKU3628
D572,SKU3024|SKU2378|SKU4114|SKU4380|SKU5106|SKU2199|SKU4391
D573,SKU1082|SKU3376|SKU3245
D574,SKU3504|SKU4052|SKU4407|SKU1153|SKU3718|SKU3282|SKU3894
D575,SKU6384|SKU6380|SKU3559|SKU2059
D576,SKU4198|SKU3077|SKU3595|SKU1546|SKU2517
D577,SKU3078|SKU5835
D578,SKU163|SKU2359|SKU1754|SKU4155|SKU1153|SKU797|SKU387|SKU4779|SKU3377|SKU6219|SKU1993|SKU3628
D579,SKU3624|SKU3793
D580,SKU3029|SKU3624|SKU2339|SKU4254|SKU1459|SKU3826|SKU3512|SKU3960|SKU3654
D581,SKU5482|SKU5893|SKU2780|SKU4063|SKU3825|SKU4292|SKU1077|SKU2551|SKU4056|SKU3016|SKU2539|SKU2985|SKU2089|SKU2537
D582,SKU3417|SKU2972
D583,SKU4055|SKU3676|SKU4280|SKU3418|SKU4128
D584,SKU4203|SKU2890|SKU3684|SKU2909|SKU5978|SKU2331|SKU2921|SKU3202|SKU2205|SKU3871|SKU2946
D585,SKU3134|SKU2395|SKU3155|SKU6370|SKU2910
D586,SKU5800|SKU4988
D587,SKU3033|SKU2971|SKU3377|SKU2386
D588,SKU3674|SKU3639|SKU3568|SKU3315
D589,SKU5390|SKU5682
D590,SKU2493|SKU4272|SKU1882|SKU3277|SKU4139|SKU3108|SKU6270|SKU2167|SKU6306|SKU3223|SKU4210|SKU6370|SKU2921|SKU3745|SKU3850|SKU5289|SKU2543|SKU3806|SKU4234|SKU6109|SKU6312|SKU2451|SKU3018|SKU4038|SKU2166|SKU4203
D591,SKU6306|SKU1480|SKU3660|SKU4014|SKU2058|SKU4288|SKU4964|SKU4894|SKU3088|SKU2271|SKU5100|SKU1493
D592,SKU2349|SKU3432
D593,SKU5542|SKU1014|SKU3486|SKU4983|SKU3370|SKU5078|SKU5560
D594,SKU1925|SKU5592|SKU2544|SKU4699|SKU3533|SKU3907
D595,SKU3351|SKU3359|SKU1290|SKU2252|SKU1953|SKU2936|SKU1440
D596,SKU4059|SKU3169
D597,SKU1589|SKU1241
D598,SKU3464|SKU5788
D599,SKU2404|SKU4471|SKU3055|SKU6294
D600,SKU969|SKU3316|SKU3269
D601,SKU6277|SKU6281|SKU6283|SKU6279
D602,SKU2970|SKU4098|SKU5276|SKU3061|SKU2909|SKU2393|SKU4207|SKU2452|SKU4416|SKU3649
D603,SKU2223|SKU1973
D604,SKU5629|SKU3940|SKU2749|SKU3341
D605,SKU3022|SKU995|SKU4664|SKU783
D606,SKU3428|SKU3332|SKU2493|SKU2021|SKU4196|SKU2539|SKU6190|SKU3549
D607,SKU4852|SKU1182|SKU5596
D608,SKU5450|SKU5017
D609,SKU4008|SKU3063
D610,SKU4264|SKU5017|SKU3063|SKU5343|SKU3345|SKU4003|SKU2966|SKU3125|SKU3126|SKU3393|SKU5914|SKU4008|SKU3402|SKU5743|SKU5765|SKU4037
D611,SKU3321|SKU1225|SKU963|SKU3560|SKU3473|SKU2346|SKU3293|SKU3894
D612,SKU3504|SKU2333|SKU2543|SKU6387|SKU4020|SKU3745|SKU6286
D613,SKU1845|SKU1847
D614,SKU4220|SKU3773|SKU3272|SKU3077|SKU2014|SKU2591|SKU3245|SKU2082|SKU3895|SKU1991|SKU2349|SKU2907|SKU3970|SKU4010|SKU3851|SKU2753
D615,SKU3739|SKU6083|SKU5084
D616,SKU3351|SKU5620|SKU2950
D617,SKU6370|SKU5518
D618,SKU4952|SKU842|SKU5192
D619,SKU2541|SKU2276|SKU3299|SKU3891|SKU5257|SKU3418|SKU5572|SKU4174|SKU5586|SKU2534|SKU2921|SKU5792|SKU3702|SKU2473|SKU6246
D620,SKU787|SKU3882
D621,SKU4881|SKU3305
D622,SKU2479|SKU3071|SKU681|SKU4272|SKU5696|SKU864|SKU5147|SKU1112|SKU6094|SKU276|SKU3512|SKU2600
D623,SKU2652|SKU3397|SKU248|SKU3661|SKU2015|SKU6350|SKU4742|SKU2339|SKU16|SKU2510|SKU5913|SKU2223|SKU2726|SKU2454|SKU2552|SKU2606|SKU5005|SKU6167|SKU497|SKU3981|SKU2112|SKU6160|SKU1634|SKU2644|SKU4878|SKU2565|SKU5935|SKU3826|SKU3788
D624,SKU2089
D625,SKU1923|SKU2246|SKU3863|SKU2786|SKU1126
D626,SKU700|SKU2356|SKU4161|SKU4302
D627,SKU6137|SKU2336|SKU4302|SKU3781
D628,SKU3370|SKU6370|SKU1952|SKU746
D629,SKU3059|SKU3185|SKU3443|SKU1969|SKU3161|SKU3432
D630,SKU2649|SKU3616|SKU3418|SKU3867|SKU3041|SKU6370|SKU2133|SKU3466|SKU3565|SKU1989
D631,SKU6185|SKU3874|SKU3283|SKU2201|SKU1877|SKU1886|SKU2182|SKU4746|SKU2381|SKU3395|SKU2249
D632,SKU1847|SKU4108
D633,SKU4302|SKU3356
D634,SKU5369|SKU3571
D635,SKU2972|SKU4096|SKU3405
D636,SKU4302|SKU3757|SKU2588
D637,SKU5912|SKU1506|SKU6217|SKU1066|SKU6218
D638,SKU6285|SKU4931
D639,SKU2545|SKU2434|SKU6216|SKU3939|SKU2496
D640,SKU3022|SKU3900
D641,SKU2374|SKU2022|SKU4136
D642,SKU2935|SKU3604
D643,SKU4483|SKU3782|SKU5869|SKU4978|SKU4325|SKU4108|SKU2952|SKU2994|SKU6316
D644,SKU2120|SKU2240|SKU3605|SKU5818|SKU2107|SKU2156|SKU1783|SKU3702|SKU94|SKU5025|SKU1868|SKU2130
D645,SKU2221|SKU4061|SKU4129|SKU4380|SKU2199|SKU2132
D646,SKU4348|SKU4091|SKU5772|SKU4350|SKU4052
D647,SKU4223|SKU4356
D648,SKU5092|SKU4169|SKU4184|SKU6054|SKU6270|SKU6370|SKU4142|SKU4148|SKU1869|SKU3042|SKU6302|SKU2428|SKU3654|SKU3489
D649,SKU3501|SKU4132|SKU4922
D650,SKU3727|SKU3698
D651,SKU3465|SKU2083|SKU4122|SKU3977|SKU3692|SKU4136|SKU2776|SKU2492
D652,SKU3642|SKU2139|SKU2098|SKU2105|SKU1093|SKU1999|SKU2470|SKU2239|SKU2477|SKU2204|SKU3382|SKU4581|SKU161|SKU4856|SKU54
D653,SKU2270|SKU2084|SKU2229|SKU2921|SKU4254|SKU3239|SKU6378|SKU3862|SKU2044|SKU2180|SKU2310
D654,SKU6218|SKU3150
D655,SKU3394|SKU3746|SKU3334
D656,SKU5519|SKU3616|SKU2815|SKU3917|SKU1984|SKU4108|SKU4139|SKU522
D657,SKU3108|SKU4279|SKU3919|SKU4184|SKU2184|SKU1845|SKU4039|SKU4142|SKU3547|SKU1208|SKU3096|SKU1615|SKU3449|SKU2255|SKU3382|SKU5210|SKU5799|SKU3013|SKU4301|SKU6219
D658,SKU344|SKU4448
D659,SKU3583|SKU3418
D660,SKU2339|SKU3054|SKU3654
D661,SKU6285|SKU6297
D662,SKU3846|SKU4041|SKU3072|SKU3382|SKU2832
D663,SKU2649|SKU3565
D664,SKU6295|SKU6277|SKU6286
D665,SKU4220|SKU4008|SKU6191|SKU4212
D666,SKU3098|SKU3121|SKU1894|SKU2061|SKU5563
D667,SKU5183|SKU677|SKU464|SKU4630
D668,SKU3416|SKU4149|SKU3030|SKU691|SKU4294
D669,SKU2084|SKU2522
D670,SKU6061|SKU5353|SKU3066
D671,SKU2293|SKU3351|SKU2316|SKU56|SKU2950|SKU2569|SKU2955|SKU1503|SKU1940|SKU6084|SKU1993|SKU999|SKU2437|SKU2192|SKU2344|SKU2473|SKU2952|SKU6083|SKU1099|SKU333|SKU2160|SKU2481
D672,SKU3432|SKU6362
D673,SKU4179|SKU6216
D674,SKU137|SKU6285|SKU3061|SKU3594|SKU415
D675,SKU3863|SKU6321|SKU4223
D676,SKU612|SKU3909|SKU2326|SKU3278|SKU541|SKU1898|SKU82|SKU5194|SKU5114|SKU2998|SKU454|SKU2959|SKU2473|SKU6035|SKU4128
D677,SKU3827|SKU3009
D678,SKU2456|SKU3054|SKU3513|SKU2430|SKU5828|SKU899|SKU3960
D679,SKU4672|SKU3349
D680,SKU2109|SKU3054|SKU1886|SKU3624|SKU3941|SKU3170|SKU3863|SKU2310
D681,SKU3476|SKU4179|SKU6191|SKU3803|SKU3670|SKU3893|SKU3906|SKU3643|SKU2965|SKU3473|SKU2110|SKU2436
D682,SKU2025|SKU2467|SKU2691|SKU1991|SKU3240|SKU6219|SKU2428
D683,SKU2179|SKU3135|SKU3363|SKU6370|SKU4006
D684,SKU3287|SKU3801|SKU3113|SKU4220|SKU1251|SKU2396
D685,SKU4098|SKU3625|SKU4184|SKU5105|SKU2909|SKU3805|SKU5268|SKU5522
D686,SKU4759|SKU3583|SKU3723|SKU1217|SKU329
D687,SKU4251|SKU3029|SKU2014|SKU2591|SKU2921|SKU4647
D688,SKU1504|SKU3091|SKU3984|SKU1930|SKU1494|SKU3228|SKU3701
D689,SKU3802|SKU4318|SKU1091|SKU3020|SKU3803|SKU1917|SKU1161|SKU3471|SKU3166|SKU2140|SKU4212
D690,SKU3748|SKU3888
D691,SKU3176|SKU6283|SKU6307
D692,SKU2061|SKU6288|SKU2561
D693,SKU3221|SKU3783|SKU3039|SKU2997
D694,SKU3899|SKU4373|SKU3085|SKU4816|SKU2749|SKU2451|SKU6243|SKU3483|SKU3817|SKU2376|SKU6216|SKU715|SKU3994|SKU2016|SKU3353|SKU4259|SKU3049|SKU2853|SKU2757
D695,SKU2647|SKU5405|SKU6370
D696,SKU30|SKU2620|SKU6128|SKU2746
D697,SKU5708|SKU4048|SKU5509
D698,SKU2298|SKU2358|SKU2467|SKU6119|SKU2945|SKU3948|SKU2522|SKU4302|SKU2059|SKU2561|SKU2328
D699,SKU906|SKU6410|SKU5459|SKU4553|SKU4475|SKU2975|SKU1390|SKU855|SKU4873
D700,SKU2989|SKU3504|SKU4030|SKU4302|SKU2094|SKU2334|SKU2043
D701,SKU2160|SKU1993|SKU2569
D702,SKU6204|SKU2639|SKU2612|SKU2661
D703,SKU4266|SKU3370|SKU3457
D704,SKU4038|SKU3041|SKU3432|SKU2472
D705,SKU4220|SKU3113|SKU3486|SKU6054|SKU2021|SKU3317|SKU3613|SKU2343|SKU1189|SKU2986|SKU866|SKU4100|SKU3962|SKU5275
D706,SKU1849|SKU4515
D707,SKU3612|SKU2220|SKU3113|SKU2068|SKU4721|SKU1665|SKU3506|SKU2538|SKU2280|SKU6370|SKU934|SKU3819|SKU5672|SKU13|SKU2924|SKU4108|SKU3215|SKU3384|SKU6219|SKU1207
D708,SKU4138|SKU3923|SKU5141|SKU3284|SKU2915|SKU2238|SKU6306|SKU2863|SKU5042|SKU3215|SKU307|SKU1871|SKU2561|SKU2179|SKU6103|SKU1243|SKU1447|SKU3178|SKU4319|SKU2220|SKU2476|SKU3412|SKU2460
D709,SKU3356|SKU1717
D710,SKU2513|SKU3689|SKU3793|SKU5793|SKU2452|SKU1952
D711,SKU1975|SKU2248|SKU3754|SKU2349
D712,SKU5631|SKU4612|SKU657
D713,SKU3280|SKU2068|SKU1428|SKU4030|SKU2592|SKU3678|SKU4051|SKU652|SKU1698|SKU6219|SKU3826|SKU671|SKU5953
D714,SKU3113|SKU250|SKU3664|SKU3146
D715,SKU3525|SKU3990
D716,SKU6191|SKU3573|SKU3504|SKU3038
D717,SKU3180|SKU6243
D718,SKU5900|SKU5383|SKU5622|SKU5648|SKU4198|SKU6030|SKU6381
D719,SKU3722|SKU4170|SKU1856
D720,SKU5964|SKU3513|SKU2120|SKU4302|SKU3264|SKU3006
D721,SKU3223|SKU3828|SKU175|SKU3855|SKU3758|SKU3313|SKU3147|SKU3792
D722,SKU4258|SKU3864
D723,SKU5563|SKU3504|SKU4208|SKU1944|SKU4557|SKU2156|SKU4254|SKU3096|SKU1795|SKU3724|SKU3498|SKU3281
D724,SKU1417|SKU3432
D725,SKU6284|SKU3869|SKU5387|SKU3158|SKU4290|SKU1217|SKU5956|SKU4501|SKU4585|SKU4123|SKU6270|SKU4203|SKU6279
D726,SKU4388|SKU140|SKU5138|SKU4067|SKU290|SKU2618|SKU6210|SKU2499|SKU2835|SKU2316|SKU6282|SKU3923|SKU2012|SKU1993|SKU2511|SKU4404|SKU476
D727,SKU2333|SKU2270|SKU1983|SKU3804|SKU4196|SKU6333|SKU2228|SKU1935
D728,SKU4003|SKU5743
D729,SKU4252|SKU3850|SKU3209|SKU4356|SKU3098|SKU3251
D730,SKU3569|SKU2912
D731,SKU3538|SKU3674|SKU3639|SKU3697
D732,SKU3055|SKU866
D733,SKU3759|SKU3529|SKU2417|SKU3584|SKU4030|SKU4290|SKU4056|SKU6370|SKU2979|SKU4234|SKU2945
D734,SKU3706|SKU1119
D735,SKU4196|SKU6217|SKU6218
D736,SKU1124|SKU3061
D737,SKU4196|SKU2973|SKU955|SKU3479
D738,SKU2209|SKU2910|SKU715
D739,SKU4196|SKU3269
D740,SKU3379|SKU3014|SKU3791|SKU5093|SKU4876|SKU3180|SKU1797|SKU2771
D741,SKU612|SKU2270|SKU2667|SKU2921|SKU3382|SKU4262
D742,SKU3351|SKU2950
D743,SKU2054|SKU3454|SKU3920|SKU2407
D744,SKU5941|SKU3504|SKU2909|SKU1994|SKU1082|SKU3042|SKU2556
D745,SKU6217|SKU6218|SKU2794
D746,SKU2092|SKU3415|SKU6292
D747,SKU3120|SKU5341|SKU3933
D748,SKU4886|SKU4139
D749,SKU1755|SKU4239|SKU2062|SKU3919|SKU3146|SKU6191|SKU3595|SKU5577|SKU1898|SKU4175|SKU5162|SKU3100|SKU2532|SKU3889|SKU4352|SKU2524|SKU3994|SKU3042|SKU2472|SKU2347|SKU3899
D750,SKU4403|SKU4208|SKU2292|SKU2346|SKU6255|SKU6271|SKU2436|SKU3114|SKU2537|SKU3251
D751,SKU3760|SKU2227|SKU5773|SKU2584
D752,SKU948|SKU4125|SKU3821|SKU3202|SKU3595
D753,SKU4277|SKU4593|SKU2380|SKU657|SKU3934|SKU917|SKU3515|SKU1900
D754,SKU2241|SKU235|SKU4067|SKU3504|SKU3264|SKU3005|SKU2307|SKU2511|SKU2079|SKU4142|SKU2292|SKU3733|SKU4198|SKU4131|SKU4279|SKU6219|SKU522
D755,SKU3109|SKU5912|SKU6392|SKU4276|SKU5896|SKU4106|SKU4259
D756,SKU2917|SKU3267|SKU3345|SKU4721|SKU6330|SKU1148|SKU5822|SKU2336|SKU256|SKU5129|SKU3222|SKU5348|SKU4793|SKU133|SKU3745
D757,SKU4047|SKU4230|SKU4215
D758,SKU2694|SKU2404|SKU3850|SKU2411|SKU2203|SKU3401
D759,SKU3542|SKU3759|SKU4209|SKU4089|SKU3041|SKU4302|SKU3952|SKU1716|SKU1914
D760,SKU6001|SKU1870|SKU2559|SKU5943|SKU4143|SKU4254|SKU2945
D761,SKU3148|SKU4377|SKU2299|SKU2009|SKU3397|SKU3017|SKU2313|SKU880|SKU6246|SKU4203
D762,SKU2337|SKU4448|SKU3527|SKU3744|SKU4196|SKU2563|SKU3406|SKU2352|SKU2334|SKU1871|SKU4955|SKU4416
D763,SKU6330|SKU4669
D764,SKU6277|SKU6286
D765,SKU4001|SKU5779
D766,SKU6386|SKU3862
D767,SKU2150|SKU4515
D768,SKU6292|SKU6082|SKU5497|SKU6279
D769,SKU3476|SKU3090|SKU3893|SKU1719|SKU2039|SKU3408|SKU3798|SKU3745
D770,SKU6063|SKU2392
D771,SKU6294|SKU4161|SKU5281|SKU6321|SKU3119|SKU1672|SKU3855|SKU6164|SKU2921|SKU4216|SKU3277|SKU2472|SKU3519|SKU5488|SKU3366
D772,SKU3035|SKU3113|SKU3625|SKU3055|SKU2215|SKU2534|SKU2473|SKU3285|SKU5684
D773,SKU3280|SKU3684|SKU4208|SKU5151|SKU3862|SKU4769
D774,SKU181|SKU3331|SKU4167|SKU3041|SKU6243|SKU6370|SKU6341|SKU4238|SKU3704|SKU3896|SKU3899
D775,SKU3887|SKU3277
D776,SKU1573|SKU2120|SKU2706|SKU2065|SKU2887|SKU2273|SKU2699|SKU3010|SKU2650|SKU1981|SKU4836|SKU6003|SKU3042|SKU92|SKU2828|SKU2949|SKU2006|SKU1183
D777,SKU6370|SKU1091
D778,SKU6283|SKU3628
D779,SKU2584|SKU2390|SKU4220|SKU4272|SKU3456|SKU4254|SKU2227|SKU1942|SKU3862|SKU2460|SKU3170|SKU2436|SKU6270|SKU3044
D780,SKU1923|SKU3630|SKU3471|SKU4601|SKU6350|SKU3062|SKU3174
D781,SKU6370|SKU2091
D782,SKU4722|SKU2395|SKU3595|SKU2921|SKU2343|SKU2356
D783,SKU4695|SKU950|SKU3541|SKU3192|SKU3709
D784,SKU5140|SKU4242
D785,SKU6286|SKU2333|SKU6295
D786,SKU46|SKU81
D787,SKU3506|SKU3162|SKU2954
D788,SKU3319|SKU2120|SKU3513|SKU4678|SKU3504
D789,SKU2987|SKU2957|SKU5866|SKU1478
D790,SKU3909|SKU5118|SKU6209|SKU2282|SKU2172|SKU2335|SKU2943|SKU3640
D791,SKU4709|SKU6306|SKU2248|SKU3595|SKU3005|SKU2331|SKU1137|SKU5501|SKU3473|SKU3862|SKU3382|SKU6156|SKU6222|SKU6170
D792,SKU3750|SKU2255|SKU3742
D793,SKU3599|SKU1058|SKU2900|SKU349
D794,SKU3432|SKU3334
D795,SKU3604|SKU3712|SKU3795|SKU5298|SKU3675|SKU783|SKU4707|SKU3324|SKU3870|SKU5859
D796,SKU3499|SKU3237|SKU3051|SKU3942|SKU4057|SKU2962
D797,SKU2584|SKU4264|SKU6269|SKU3793|SKU1886|SKU2817|SKU1990|SKU3805|SKU515|SKU1921|SKU1217|SKU359|SKU2436|SKU431
D798,SKU701|SKU1796|SKU3711|SKU6370|SKU3381|SKU4139
D799,SKU6219|SKU6289|SKU6279
D800,SKU2953|SKU2137|SKU2142|SKU2113|SKU3571|SKU5871|SKU2751|SKU3917|SKU3338|SKU3406|SKU4393
D801,SKU3760|SKU3868|SKU4272|SKU1971|SKU1932|SKU3700|SKU4280|SKU4108|SKU4172
D802,SKU4382|SKU2310
D803,SKU2116|SKU3689|SKU4830|SKU6370|SKU2921|SKU4294|SKU2340
D804,SKU2060|SKU6286
D805,SKU1924|SKU2612|SKU2120|SKU2887|SKU2429|SKU2186|SKU6042|SKU1973|SKU2661
D806,SKU3431|SKU3739|SKU6152|SKU5792|SKU5257
D807,SKU3159|SKU2414|SKU3062|SKU3796
D808,SKU4483|SKU2254
D809,SKU3998|SKU3635|SKU2087
D810,SKU3301|SKU1256|SKU2930|SKU470|SKU3671|SKU2334|SKU885|SKU3233|SKU3637|SKU3497|SKU2065|SKU3272|SKU3817|SKU2018|SKU3818|SKU3243|SKU2116|SKU2269|SKU3829|SKU3847|SKU2276|SKU2168|SKU3445|SKU317|SKU3994
D811,SKU3005|SKU5023
D812,SKU4098|SKU4202
D813,SKU2416|SKU3721|SKU3684|SKU2273|SKU2014|SKU6370|SKU4528|SKU4196|SKU5732|SKU3733|SKU251|SKU4108|SKU747|SKU3338|SKU3235|SKU4279|SKU3454
D814,SKU4266|SKU2358|SKU2061|SKU3684|SKU3005|SKU2393|SKU4030|SKU1958|SKU1922|SKU3745|SKU2994|SKU6219
D815,SKU812|SKU3968|SKU3793|SKU3332|SKU3849|SKU6370|SKU1881|SKU6076|SKU6158|SKU3188|SKU5051|SKU3454|SKU420
D816,SKU6310|SKU3306|SKU4208|SKU6285|SKU4142|SKU4038|SKU2563|SKU4139|SKU3475|SKU4279
D817,SKU3898|SKU3295|SKU2314|SKU3473|SKU2308|SKU4607|SKU3327
D818,SKU2461|SKU1894|SKU6270|SKU3017|SKU2921
D819,SKU3078|SKU3223|SKU3706
D820,SKU3085|SKU3392|SKU3078|SKU2205|SKU3994|SKU2560|SKU4762
D821,SKU2467|SKU3708|SKU3479|SKU4272|SKU2973|SKU3239|SKU3765|SKU2937|SKU3354|SKU955|SKU3142
D822,SKU3351|SKU2952|SKU2068|SKU3239
D823,SKU3424|SKU3147|SKU6370
D824,SKU3516|SKU3471|SKU4706|SKU2327|SKU6189|SKU729
D825,SKU4098|SKU5202
D826,SKU3356|SKU3541|SKU4242
D827,SKU6319|SKU2480|SKU953|SKU2799
D828,SKU3227|SKU4246
D829,SKU3713|SKU3066|SKU6361|SKU6276|SKU6282|SKU1495|SKU4233|SKU2253|SKU1088|SKU2549
D830,SKU3252|SKU4184|SKU5579|SKU3134|SKU4824|SKU4279
D831,SKU3530|SKU5026|SKU1281|SKU5244|SKU3952|SKU5669|SKU1716|SKU3602
D832,SKU3466|SKU3423|SKU894|SKU2896
D833,SKU4828|SKU3359|SKU4142|SKU1881|SKU3547|SKU3382|SKU4214|SKU1901
D834,SKU6370|SKU4841|SKU5256
D835,SKU2337|SKU4252|SKU3653|SKU4184|SKU2068|SKU2451|SKU2944|SKU4142|SKU3931|SKU4254|SKU4196|SKU3274|SKU5997|SKU1871
D836,SKU6370|SKU2883
D837,SKU2382|SKU2831|SKU2041|SKU2114|SKU2567|SKU4196|SKU1874|SKU3146|SKU1998|SKU2341|SKU2093
D838,SKU6294|SKU6297|SKU6295|SKU6293
D839,SKU1756|SKU5864|SKU4270|SKU3270
D840,SKU2314|SKU2877|SKU2517|SKU3668|SKU861|SKU6151|SKU1914
D841,SKU2042|SKU2456|SKU2467|SKU2515|SKU2068|SKU2272|SKU2019|SKU3239|SKU5275
D842,SKU3467|SKU2407|SKU5558|SKU5440|SKU5535|SKU5708|SKU3096|SKU5134|SKU3883|SKU3008|SKU4108|SKU3241|SKU3146|SKU2560|SKU2936|SKU4298|SKU5951|SKU2919|SKU3225
D843,SKU2654|SKU2167
D844,SKU970|SKU4857|SKU4548|SKU4964
D845,SKU5845|SKU3985
D846,SKU6306|SKU3113|SKU3504|SKU1820|SKU2039|SKU2019|SKU5957|SKU2452|SKU4006|SKU3779|SKU2335|SKU2255|SKU3506|SKU949
D847,SKU4056|SKU6317|SKU4314|SKU4148|SKU2570
D848,SKU279|SKU509|SKU1181
D849,SKU3093|SKU1875
D850,SKU4038|SKU3041|SKU3155|SKU3337
D851,SKU4149|SKU6330|SKU4329|SKU3052|SKU1086|SKU6137|SKU4331|SKU4294|SKU3185|SKU3115|SKU5822|SKU5348
D852,SKU3307|SKU3949
D853,SKU6310|SKU3769|SKU2098|SKU1926|SKU4196|SKU6372|SKU2460|SKU4139|SKU5543|SKU4806
D854,SKU6380|SKU2938|SKU3559
D855,SKU4994|SKU1996
D856,SKU3157|SKU3336|SKU3090|SKU6313|SKU3862|SKU2255
D857,SKU2473|SKU6109
D858,SKU5111|SKU2556
D859,SKU2467|SKU2039|SKU6370|SKU3661|SKU3676|SKU2237|SKU4171
D860,SKU3307
D861,SKU3794|SKU2941|SKU4179|SKU2501|SKU3920|SKU3644|SKU5158|SKU2064|SKU4973|SKU3876|SKU4131|SKU2454
D862,SKU3092|SKU6306|SKU2394|SKU1910|SKU5793|SKU2205
D863,SKU2541|SKU3113|SKU3968|SKU3919|SKU2467|SKU2068|SKU2270|SKU2689|SKU3041|SKU2379|SKU2252|SKU1783|SKU2090|SKU2153|SKU4254|SKU4196|SKU3626|SKU4038|SKU3075|SKU2017|SKU4100
D864,SKU2625|SKU5731|SKU1219|SKU3674|SKU4720|SKU3899
D865,SKU4483|SKU4168
D866,SKU3839|SKU2462|SKU3772|SKU2542|SKU2406|SKU4038|SKU865|SKU6219|SKU3213
D867,SKU2246|SKU5360|SKU6370|SKU2250|SKU2339|SKU2436|SKU2008
D868,SKU4092|SKU6289|SKU3547|SKU3871|SKU3432|SKU4128
D869,SKU3034|SKU3567|SKU2381|SKU4798|SKU6190|SKU6270|SKU3401
D870,SKU3055|SKU1161|SKU2086|SKU3502|SKU3665|SKU3997|SKU6316
D871,SKU2515|SKU3971|SKU3850|SKU3042|SKU5798|SKU3682|SKU1994
D872,SKU1583|SKU3562|SKU6191|SKU4218|SKU3757|SKU4273|SKU2059|SKU6102|SKU3958|SKU2375|SKU4216|SKU3147|SKU4150|SKU3017|SKU3347|SKU4279|SKU6270|SKU2217
D873,SKU5542|SKU591|SKU3910|SKU3319|SKU3894|SKU4223|SKU3930|SKU4250|SKU2203|SKU3745|SKU2427
D874,SKU1406|SKU4161|SKU3041|SKU2156|SKU2117|SKU3758|SKU4038|SKU3170
D875,SKU4222|SKU2162|SKU3616|SKU4438
D876,SKU3685|SKU2042|SKU3159|SKU3339|SKU3134|SKU1866|SKU2302|SKU1963
D877,SKU3199|SKU5874
D878,SKU4019|SKU3984|SKU3228|SKU3701
D879,SKU3138|SKU5396|SKU5843|SKU2946
D880,SKU5306|SKU3325|SKU3504|SKU2539|SKU1886
D881,SKU4266|SKU2424|SKU1536|SKU2581|SKU3105|SKU3535|SKU3311|SKU2019|SKU3466|SKU3889|SKU2269|SKU4300|SKU3459|SKU6312
D882,SKU3958|SKU4203|SKU4852|SKU5853|SKU5596
D883,SKU1493|SKU4162|SKU3460|SKU2539|SKU3252
D884,SKU4041|SKU1354|SKU3504|SKU1504|SKU3989|SKU696|SKU1019|SKU756|SKU1077|SKU6289|SKU3212|SKU2653|SKU5748|SKU2115|SKU823|SKU4180|SKU1082|SKU4060
D885,SKU5955|SKU181|SKU2467|SKU4184|SKU4272|SKU3660|SKU3096|SKU6342|SKU1727|SKU3162|SKU6340
D886,SKU2941|SKU1990|SKU2723|SKU3644|SKU3757|SKU2063|SKU3282|SKU5892|SKU3863|SKU3794
D887,SKU6227|SKU3653|SKU2758|SKU2439|SKU4136|SKU4700
D888,SKU6378
D889,SKU3713|SKU4098|SKU6191|SKU6224|SKU6385|SKU2969|SKU2337|SKU2061|SKU1967|SKU1883|SKU3758|SKU1945|SKU5997|SKU4185|SKU1942|SKU6141|SKU3347|SKU3460|SKU3401|SKU3584|SKU3018|SKU2019|SKU3589|SKU4759|SKU3862|SKU2945
D890,SKU1270|SKU4923
D891,SKU1708|SKU6191|SKU3373|SKU4532|SKU2350|SKU1456|SKU5854|SKU2943
D892,SKU657|SKU4078|SKU4310|SKU3057|SKU4307
D893,SKU2970|SKU2467|SKU6191|SKU4184|SKU2430|SKU6172|SKU3041|SKU1910|SKU2921|SKU4038|SKU3316|SKU2040|SKU3347|SKU2475|SKU1872|SKU2561|SKU2059
D894,SKU2137|SKU5685|SKU4210|SKU2591|SKU3466|SKU1901
D895,SKU1494|SKU626|SKU6083
D896,SKU2584|SKU3014|SKU5026|SKU3805|SKU371|SKU6410|SKU114|SKU5636|SKU5497|SKU2688|SKU4261|SKU1860|SKU2310|SKU3907
D897,SKU2605|SKU4273|SKU3491
D898,SKU6306|SKU3116
D899,SKU5568|SKU3883
D900,SKU3381|SKU6370|SKU5334|SKU3489
D901,SKU5469|SKU3365
D902,SKU2467|SKU3312|SKU4994|SKU6190|SKU6270|SKU3253|SKU4339|SKU2416|SKU6306|SKU3319|SKU6370|SKU4196|SKU2223|SKU3430|SKU1871|SKU3912|SKU2912|SKU4290|SKU2156|SKU3547|SKU3489|SKU4254|SKU4279
D903,SKU2120|SKU4184|SKU4339|SKU2065|SKU4052|SKU4788|SKU4292|SKU1898|SKU1958|SKU3908|SKU3676|SKU1949|SKU2116|SKU4290|SKU4173|SKU2875|SKU6083|SKU3335|SKU2456|SKU4161|SKU6085|SKU4142|SKU4038|SKU1968|SKU4279
D904,SKU2628|SKU5144|SKU3042|SKU1872|SKU3313
D905,SKU5536|SKU2956
D906,SKU4036|SKU3048|SKU2927|SKU2399
D907,SKU99|SKU5086|SKU3053|SKU3172|SKU3333
D908,SKU3701|SKU3228|SKU3984|SKU4019
D909,SKU3769|SKU2067|SKU3042|SKU2472|SKU2063|SKU4006|SKU4301|SKU4273|SKU586|SKU3338|SKU3227|SKU2561|SKU2249|SKU4278|SKU3005|SKU2562|SKU2335|SKU3282|SKU38|SKU3013|SKU3332|SKU3885|SKU5901|SKU2363|SKU4038|SKU2536|SKU3043|SKU1894|SKU3323|SKU4203
D910,SKU1872|SKU2580|SKU6307
D911,SKU3356|SKU2043|SKU3541
D912,SKU4110|SKU6191|SKU3134|SKU2921|SKU4038|SKU2040|SKU2106|SKU2969
D913,SKU2259|SKU1947
D914,SKU1712|SKU2516|SKU2272|SKU5539|SKU3078|SKU3673
D915,SKU6110|SKU3661
D916,SKU1858|SKU3198|SKU1863|SKU6370
D917,SKU4137|SKU4255
D918,SKU6370|SKU2156|SKU3053|SKU3767|SKU3862|SKU2472|SKU5100|SKU2561|SKU2328
D919,SKU3958|SKU4203
D920,SKU4462|SKU2545|SKU2943|SKU3386|SKU2969
D921,SKU4079|SKU3198|SKU6075|SKU1772|SKU4080|SKU5431|SKU3207|SKU5911|SKU4937
D922,SKU5140|SKU4298|SKU4242|SKU3140
D923,SKU4124|SKU1384
D924,SKU2141|SKU6306|SKU2542|SKU1930|SKU4254|SKU3473|SKU2155|SKU5382
D925,SKU4687|SKU5152
D926,SKU97|SKU225|SKU72
D927,SKU2951|SKU2486|SKU83|SKU6062|SKU3863
D928,SKU3159|SKU3865|SKU3062
D929,SKU3057|SKU4373|SKU3077|SKU2091|SKU5864|SKU6005|SKU3282|SKU2436
D930,SKU3839|SKU2125|SKU4030|SKU6216|SKU2491|SKU2487|SKU2016|SKU2560|SKU3369|SKU1901
D931,SKU2988|SKU4108|SKU682|SKU6279
D932,SKU3101|SKU4754|SKU3263|SKU2120|SKU3887|SKU3947|SKU3568|SKU3840|SKU3674|SKU5997|SKU3282|SKU4172
D933,SKU3282|SKU3245
D934,SKU6306|SKU4473|SKU4203|SKU3319|SKU3535|SKU6285|SKU1167|SKU6287|SKU4254|SKU6319|SKU4196|SKU6288|SKU5004|SKU2560|SKU4006|SKU3982|SKU4086|SKU6286|SKU3282
D935,SKU5911|SKU6313|SKU3898
D936,SKU3113|SKU3319|SKU3544|SKU1208|SKU4254|SKU4196|SKU2472|SKU3088|SKU3509|SKU5797|SKU3720
D937,SKU2912|SKU3982|SKU4431|SKU2356|SKU3805
D938,SKU4432|SKU5257|SKU4452|SKU6370|SKU3934|SKU2339
D939,SKU6370|SKU5256
D940,SKU2337|SKU6232|SKU6186|SKU3799|SKU3211|SKU6258|SKU3371|SKU6205|SKU6261|SKU3162
D941,SKU3081|SKU3938|SKU2315|SKU3626|SKU4108|SKU6138|SKU3863|SKU5634|SKU6219|SKU2428
D942,SKU5007|SKU3773|SKU3371|SKU3064|SKU3245
D943,SKU2505|SKU2747|SKU2892
D944,SKU2574|SKU6306|SKU435|SKU6155|SKU2501|SKU316|SKU1936|SKU1257|SKU3804|SKU3096|SKU2808|SKU1204|SKU6141|SKU595|SKU2975|SKU2431|SKU3044
D945,SKU1796|SKU4612
D946,SKU3935|SKU4040
D947,SKU2394|SKU2120|SKU1921|SKU2921|SKU4243|SKU2059|SKU2104|SKU2427
D948,SKU4841|SKU1967|SKU6370|SKU5439|SKU3798|SKU3381|SKU1868|SKU3168
D949,SKU3689|SKU1565|SKU3299|SKU3317|SKU3029|SKU3850|SKU3069|SKU2921|SKU3456|SKU4108|SKU4060|SKU3353|SKU4050
D950,SKU4342|SKU4052
D951,SKU6290|SKU3420
D952,SKU1748|SKU4161
D953,SKU4098|SKU5036|SKU3372
D954,SKU2652|SKU2829|SKU2606
D955,SKU4227|SKU4250|SKU4051|SKU3432
D956,SKU4184|SKU2083|SKU2909|SKU4142|SKU2921|SKU2223|SKU3982|SKU6219|SKU4212
D957,SKU2255|SKU3018|SKU3432|SKU2493
D958,SKU4042|SKU1153
D959,SKU200|SKU2817
D960,SKU3445|SKU6396|SKU6380|SKU2536
D961,SKU3322|SKU2922
D962,SKU3024|SKU5106|SKU4283|SKU3988
D963,SKU2179|SKU2596|SKU3772|SKU6370|SKU2084|SKU582|SKU4023|SKU1988
D964,SKU4041|SKU3024|SKU3910|SKU4380|SKU6101|SKU2199|SKU3863|SKU4415|SKU3899
D965,SKU857|SKU1570|SKU3017|SKU5715
D966,SKU5731|SKU2346
D967,SKU3887|SKU4184|SKU3055|SKU3757|SKU3862|SKU3450|SKU5660|SKU4020
D968,SKU3120|SKU3909|SKU3495|SKU2133|SKU2535|SKU3149
D969,SKU5128|SKU6083|SKU767
D970,SKU2390|SKU3371|SKU2523|SKU2558|SKU3042|SKU6302
D971,SKU1254|SKU3408|SKU6219|SKU3718
D972,SKU3041|SKU4038|SKU3276|SKU2472|SKU4062|SKU3432
D973,SKU5783|SKU2358|SKU4108|SKU5947|SKU4060|SKU3253|SKU3949
D974,SKU73|SKU2640
D975,SKU2248|SKU2467|SKU3969|SKU5831|SKU3241|SKU4581|SKU2036|SKU2177|SKU4050
D976,SKU1321|SKU2584|SKU1506|SKU3332|SKU3250|SKU3187|SKU4950|SKU3560|SKU5469|SKU2227|SKU2436|SKU3406|SKU5651|SKU2534|SKU4050
D977,SKU4098|SKU4082|SKU3803|SKU2476|SKU1635|SKU3361|SKU2019
D978,SKU4161|SKU3332
D979,SKU4184|SKU3224|SKU4938|SKU3529|SKU953
D980,SKU2144|SKU3359|SKU2490|SKU2036|SKU2436|SKU3745
D981,SKU1047|SKU5917|SKU5951
D982,SKU5282|SKU4125|SKU4526
D983,SKU4220|SKU4292
D984,SKU3476|SKU3445|SKU3893|SKU2965|SKU3171|SKU3906|SKU1993
D985,SKU5138|SKU3725
D986,SKU3014|SKU6346|SKU2338|SKU4430|SKU6243|SKU4059|SKU4275|SKU3668|SKU2080|SKU5981|SKU5943
D987,SKU6285|SKU6288|SKU6289
D988,SKU6297|SKU6277
D989,SKU2120|SKU3504|SKU3971|SKU1990|SKU2107|SKU3675|SKU4196|SKU6243
D990,SKU2467|SKU6398|SKU2201|SKU3583|SKU3938|SKU2670|SKU2215|SKU4304|SKU2321|SKU5124|SKU4758
D991,SKU3808|SKU4266|SKU2693|SKU2009|SKU2909|SKU3398|SKU3077|SKU1269|SKU3984|SKU4038|SKU3679|SKU2722|SKU4684|SKU3443|SKU6293|SKU3228|SKU3519|SKU6219|SKU2059
D992,SKU3755|SKU4261|SKU3417|SKU6323|SKU4320|SKU3156|SKU1477|SKU344|SKU394|SKU5651|SKU2915|SKU6303|SKU4448|SKU1944|SKU4205|SKU1921|SKU2563|SKU3327|SKU5178|SKU6238|SKU1508|SKU2273|SKU2038|SKU1926|SKU4143|SKU1827|SKU369|SKU4416|SKU4215|SKU4352|SKU4117|SKU2356|SKU3184|SKU3323|SKU6263|SKU282|SKU297
D993,SKU2076|SKU2581|SKU2373|SKU4273|SKU2019|SKU1975|SKU2543|SKU2249
D994,SKU3054|SKU3789
D995,SKU3212|SKU3989
D996,SKU2977|SKU5658
D997,SKU3926|SKU3578|SKU4937
D998,SKU3812|SKU3460|SKU4666|SKU3485|SKU3894
D999,SKU3113|SKU4184|SKU3804|SKU4356|SKU1045|SKU2969|SKU2560|SKU3688|SKU4279
D1000,SKU3696|SKU4089|SKU1999|SKU4342|SKU3042|SKU2922|SKU1933
D1001,SKU5232|SKU3893|SKU6308|SKU6370|SKU1469|SKU3862|SKU3358|SKU6307|SKU3739
D1002,SKU4385|SKU6004|SKU4242|SKU1967
D1003,SKU2544|SKU2594
D1004,SKU6191|SKU4056|SKU2086|SKU2314|SKU3783|SKU4270|SKU1540|SKU6270|SKU6246|SKU3432|SKU4149|SKU3221|SKU3039|SKU2887|SKU3306|SKU2291|SKU1899|SKU3700|SKU6380|SKU4275|SKU4172|SKU2382|SKU2795|SKU4143|SKU2997|SKU2150|SKU2451|SKU2227|SKU3443|SKU3323|SKU3824
D1005,SKU1923|SKU2892|SKU6400|SKU2505|SKU2464|SKU2747|SKU2408|SKU4108
D1006,SKU3082|SKU3745
D1007,SKU4038|SKU2358|SKU2561|SKU3432
D1008,SKU3356|SKU2456|SKU4099|SKU4283|SKU5368
D1009,SKU4800|SKU5566
D1010,SKU4168|SKU6281|SKU2021|SKU3300|SKU3556|SKU3155|SKU3490|SKU5832|SKU3432|SKU3170|SKU3416|SKU2203|SKU3960
D1011,SKU3351|SKU4030|SKU2950|SKU3171|SKU2969|SKU2278|SKU3894|SKU3167|SKU6370|SKU2921|SKU3017|SKU4197|SKU3338|SKU1581|SKU3382|SKU2952|SKU3034|SKU6245|SKU1918|SKU3826|SKU4031|SKU3273
D1012,SKU4041|SKU5098|SKU4184|SKU4052|SKU4030|SKU748|SKU3147|SKU3271|SKU3044
D1013,SKU1066|SKU4154|SKU4232|SKU3582
D1014,SKU6306|SKU118|SKU5779
D1015,SKU2953|SKU2445|SKU2957|SKU3079|SKU4356|SKU6377|SKU2024|SKU2406|SKU4543|SKU2985|SKU2462|SKU2225
D1016,SKU6288|SKU6285|SKU6286|SKU6289|SKU6287
D1017,SKU6285|SKU6290
D1018,SKU4181|SKU4137
D1019,SKU5752|SKU3264|SKU3745|SKU2896
D1020,SKU2221|SKU2378|SKU3625|SKU3050|SKU4230|SKU4129|SKU4283|SKU5106|SKU4086|SKU3925|SKU2132
D1021,SKU3363|SKU5561
D1022,SKU4449|SKU3877|SKU167|SKU3042|SKU6365|SKU522|SKU3814
D1023,SKU6310|SKU1508|SKU6370|SKU5041|SKU3170|SKU3356|SKU5797
D1024,SKU4261|SKU3874|SKU5276|SKU6373|SKU4234|SKU3769|SKU2945|SKU3806|SKU5796|SKU908|SKU2921|SKU6372|SKU3141|SKU4507|SKU4568|SKU3781|SKU880|SKU3088|SKU6371|SKU6219|SKU5101
D1025,SKU3479|SKU4272|SKU6296|SKU6380|SKU3958|SKU3519|SKU3173|SKU3204|SKU3641|SKU3899
D1026,SKU3874|SKU4052|SKU4208|SKU3798|SKU4038|SKU3735
D1027,SKU2237|SKU2155|SKU6370|SKU3170
D1028,SKU4054|SKU1345
D1029,SKU3461|SKU6370
D1030,SKU6191|SKU5932|SKU5056|SKU2067
D1031,SKU677|SKU3504|SKU1883|SKU4223|SKU6370|SKU592|SKU3473|SKU3369|SKU5353
D1032,SKU3998|SKU4192|SKU3978|SKU5163
D1033,SKU4483|SKU3616|SKU3451
D1034,SKU6346|SKU3811|SKU4139
D1035,SKU1112|SKU864
D1036,SKU3929|SKU5762
D1037,SKU612|SKU4100|SKU6370|SKU2139
D1038,SKU2071|SKU4560|SKU1921|SKU3676|SKU6112|SKU2036|SKU2776
D1039,SKU2970|SKU6373|SKU2137|SKU3769|SKU4273|SKU3144|SKU6372|SKU3170|SKU6371|SKU3098|SKU1968|SKU3511|SKU2945
D1040,SKU4273|SKU3262|SKU3018|SKU4422
D1041,SKU597|SKU1545|SKU875|SKU1457|SKU1505|SKU1297|SKU3165|SKU1676
D1042,SKU2015|SKU4324|SKU2223|SKU2112|SKU1973
D1043,SKU3463|SKU3275|SKU3346|SKU2156|SKU4139
D1044,SKU2958|SKU6293
D1045,SKU4085|SKU6209|SKU2404|SKU2416
D1046,SKU3217|SKU3948
D1047,SKU3510|SKU2819|SKU3647|SKU3886|SKU1899|SKU3547|SKU2252|SKU3651|SKU3676|SKU2262|SKU4279
D1048,SKU4483|SKU4825
D1049,SKU2584|SKU2150|SKU6191|SKU2333|SKU2591|SKU2477|SKU6118|SKU1933|SKU2249
D1050,SKU3794|SKU3689|SKU5026|SKU1988|SKU1942|SKU2256|SKU3382|SKU3952|SKU3196|SKU1902|SKU1716|SKU3602|SKU6243
D1051,SKU2430|SKU2021|SKU241|SKU2014|SKU3010|SKU4272|SKU2921|SKU3382|SKU4108|SKU2969|SKU2303|SKU3894
D1052,SKU1006|SKU975|SKU5126
D1053,SKU2270|SKU2191|SKU2517|SKU2336|SKU6358|SKU4025|SKU2036|SKU3781
D1054,SKU3805|SKU2912|SKU3569|SKU4030|SKU4273|SKU1921|SKU5301|SKU3170|SKU3781|SKU4006
D1055,SKU2783|SKU2537
D1056,SKU3263|SKU3595|SKU4145|SKU3041|SKU4038|SKU3862|SKU4018|SKU3017|SKU2472|SKU3382|SKU1872|SKU3432|SKU3013|SKU3305
D1057,SKU1103|SKU3947|SKU5303|SKU1682|SKU4537|SKU1971|SKU2895|SKU3702|SKU4575|SKU3043|SKU297
D1058,SKU5783|SKU3283|SKU6373|SKU3292|SKU3346|SKU6372|SKU2016|SKU6371|SKU6271|SKU4163|SKU4100
D1059,SKU3473|SKU6191
D1060,SKU4293|SKU3955
D1061,SKU2061|SKU2442|SKU6370|SKU4038|SKU2472|SKU2165|SKU2059
D1062,SKU790|SKU853|SKU2083|SKU2909|SKU1191|SKU4254|SKU4196|SKU4261|SKU3745|SKU3822|SKU3894
D1063,SKU3161|SKU5401|SKU3312|SKU3641|SKU4273
D1064,SKU4220|SKU3605|SKU3359|SKU4136|SKU266|SKU3745
D1065,SKU3972|SKU3916|SKU6379|SKU3851|SKU3233|SKU5184
D1066,SKU4196|SKU3603|SKU4254
D1067,SKU3068|SKU4786
D1068,SKU4576|SKU5855
D1069,SKU3641|SKU3912
D1070,SKU5054|SKU3379|SKU4143
D1071,SKU4006|SKU6248|SKU2647|SKU4196|SKU2306
D1072,SKU886
D1073,SKU534|SKU3056|SKU2230|SKU3373|SKU2538|SKU3358|SKU190|SKU485
D1074,SKU4113|SKU2931|SKU3258
D1075,SKU5685|SKU4019|SKU4597|SKU3371|SKU3984|SKU3804|SKU4254|SKU1436|SKU6003|SKU2830|SKU4133|SKU5602|SKU1945|SKU1658|SKU5267|SKU3228|SKU3701
D1076,SKU6382|SKU3617|SKU2039|SKU1985|SKU3862|SKU2969|SKU2981|SKU2549
D1077,SKU4075|SKU1192|SKU3442|SKU1340|SKU4513
D1078,SKU2467|SKU3654|SKU4272|SKU3624|SKU6282|SKU3184|SKU6277|SKU3244
D1079,SKU3383|SKU5350
D1080,SKU5739|SKU4052|SKU1665|SKU3835|SKU1990|SKU3239|SKU5747|SKU586
D1081,SKU6294|SKU2407|SKU2889|SKU4555|SKU4030|SKU3758|SKU3016|SKU2271|SKU3006|SKU4850
D1082,SKU2182|SKU4560|SKU3940|SKU1930|SKU2452|SKU5997|SKU3426
D1083,SKU3063|SKU3004|SKU5778
D1084,SKU3529|SKU3339|SKU353|SKU6287|SKU2579|SKU3888|SKU2332|SKU1866|SKU5268|SKU2036|SKU4229
D1085,SKU3356|SKU2359|SKU3541|SKU2362
D1086,SKU3570|SKU3205
D1087,SKU5694|SKU3706|SKU2120|SKU3664|SKU2131|SKU2429|SKU5330|SKU2018|SKU2721
D1088,SKU4408|SKU4227|SKU2191|SKU3850|SKU2921|SKU6370|SKU2040|SKU2066|SKU3862|SKU4585|SKU1943|SKU3665|SKU4063|SKU2283
D1089,SKU2882|SKU5558|SKU6370|SKU1940|SKU34|SKU1956|SKU4038|SKU3381|SKU2327|SKU3626|SKU3025|SKU2560|SKU3829|SKU3088|SKU5535|SKU5951
D1090,SKU296|SKU5625|SKU1967|SKU2268|SKU2551|SKU1898|SKU4273|SKU2539|SKU2546|SKU1860
D1091,SKU1375|SKU1994|SKU934|SKU3594|SKU2306
D1092,SKU3793|SKU951
D1093,SKU3665|SKU4162|SKU4265
D1094,SKU597|SKU2467|SKU875|SKU1545|SKU1457|SKU2112|SKU1505|SKU3077|SKU3769|SKU6370|SKU1297|SKU3165|SKU6371|SKU1676
D1095,SKU969|SKU3281|SKU6219
D1096,SKU4184|SKU3299|SKU4164|SKU3503|SKU1711|SKU4270|SKU4183|SKU1440|SKU1997|SKU2123|SKU692|SKU4875|SKU3215|SKU1713|SKU2437|SKU5316|SKU3547|SKU714|SKU3442|SKU2008|SKU4226|SKU4586|SKU2220|SKU6138|SKU4507|SKU5211|SKU5489
D1097,SKU4028|SKU5944
D1098,SKU4177|SKU6338|SKU2945
D1099,SKU2422|SKU3874|SKU3332|SKU3850|SKU4276|SKU2391|SKU4143|SKU3096|SKU4249|SKU5575|SKU4139|SKU3235|SKU401|SKU2281|SKU3628|SKU3899
D1100,SKU5442|SKU4519
D1101,SKU1886|SKU2270|SKU4273|SKU6370|SKU4142|SKU3239|SKU1903|SKU2929|SKU3341
D1102,SKU3230|SKU3197|SKU3804
D1103,SKU3516|SKU5244|SKU3044
D1104,SKU3529|SKU3504|SKU242|SKU2159|SKU3078|SKU401|SKU4775
D1105,SKU3828|SKU2151|SKU2573|SKU5651|SKU4220|SKU2958|SKU3950|SKU2336|SKU4126|SKU4197|SKU880|SKU2319|SKU2549|SKU2454|SKU3615|SKU2373|SKU2107|SKU2239|SKU4232|SKU6164|SKU4154|SKU2269|SKU3829|SKU54|SKU5491|SKU3113|SKU4643|SKU3595|SKU2668|SKU4142|SKU2729|SKU161|SKU4279|SKU3794
D1106,SKU2952|SKU3708|SKU4145|SKU2950|SKU5731|SKU3639|SKU2959|SKU3905
D1107,SKU4709|SKU4295|SKU597|SKU3504|SKU875|SKU6109|SKU1505|SKU3203|SKU4529|SKU1676|SKU1892|SKU2001
D1108,SKU3838|SKU4382|SKU3581|SKU6346|SKU4480|SKU3568|SKU2451|SKU2039|SKU3018|SKU4216|SKU3862|SKU2102|SKU767|SKU1945|SKU2318|SKU2427
D1109,SKU2224|SKU5143|SKU3757|SKU1910|SKU4273|SKU6370|SKU2117|SKU3170|SKU3042|SKU2969|SKU5660|SKU2017|SKU6219
D1110,SKU4432|SKU1889|SKU4145|SKU1882|SKU4950|SKU4302|SKU2535|SKU2452|SKU3233|SKU3899|SKU1760|SKU1990|SKU2405|SKU3077|SKU1574|SKU1921|SKU1379|SKU3488|SKU2180|SKU2436|SKU856|SKU2653|SKU2547|SKU5501|SKU4246|SKU742|SKU1352|SKU2165|SKU6083|SKU181|SKU5781|SKU1890|SKU5050|SKU2209|SKU2356|SKU2500|SKU4211|SKU5059|SKU1908
D1111,SKU3222|SKU3832|SKU6191|SKU2373|SKU3277
D1112,SKU3358|SKU5518|SKU6370|SKU6307
D1113,SKU4099|SKU3652
D1114,SKU3679|SKU1793
D1115,SKU2869|SKU3300|SKU1998|SKU5890|SKU970|SKU6378|SKU5528|SKU6379|SKU3269|SKU4108|SKU1987|SKU4025|SKU6376|SKU2624
D1116,SKU4077|SKU3551
D1117,SKU1923|SKU2144|SKU2568|SKU2129|SKU2293|SKU3845|SKU4030|SKU3408|SKU424|SKU2022|SKU2376|SKU4136|SKU3347|SKU2506|SKU3745|SKU6304|SKU5510
D1118,SKU3347|SKU3805|SKU2559|SKU3352|SKU797|SKU3140|SKU4422
D1119,SKU4006|SKU3781|SKU3982|SKU5962|SKU3225
D1120,SKU2120|SKU4254|SKU4234|SKU3438|SKU1922|SKU2213
D1121,SKU677|SKU2203|SKU4149|SKU5340|SKU3351|SKU3661|SKU2950|SKU4196|SKU2952|SKU3922|SKU2259
D1122,SKU3809|SKU4052|SKU1083|SKU2491|SKU6293|SKU5036|SKU745
D1123,SKU4575|SKU2390
D1124,SKU4174|SKU5939|SKU3225
D1125,SKU2246|SKU5344|SKU374|SKU2014|SKU2090|SKU2944|SKU3313|SKU3358|SKU1868
D1126,SKU3077|SKU3676|SKU6245|SKU2945
D1127,SKU3356|SKU3541|SKU4302|SKU4708
D1128,SKU3019|SKU2894|SKU3114|SKU3422|SKU4755
D1129,SKU6298|SKU6290
D1130,SKU812|SKU5652|SKU6218|SKU588|SKU5231|SKU6084|SKU1895|SKU6217|SKU4827
D1131,SKU3025|SKU5745|SKU3140
D1132,SKU3457|SKU3311|SKU3660|SKU3049
D1133,SKU2970|SKU2109|SKU4435|SKU3721|SKU3504|SKU6081|SKU3267|SKU3472|SKU3624|SKU4142|SKU6385|SKU2356|SKU2981|SKU3549|SKU4234|SKU4699|SKU3902|SKU2945
D1134,SKU2930|SKU3468|SKU3589|SKU2427
D1135,SKU4226|SKU4593|SKU6230|SKU657|SKU4966|SKU2213
D1136,SKU2367|SKU1508
D1137,SKU3219|SKU2120|SKU3479|SKU3910|SKU3056|SKU2538|SKU4682|SKU6216|SKU3382|SKU1943|SKU5267|SKU2288|SKU1871|SKU2428|SKU751
D1138,SKU2155|SKU3021
D1139,SKU4280|SKU4170|SKU3973
D1140,SKU2041|SKU2114|SKU2567|SKU1874|SKU1998|SKU2093
D1141,SKU2179|SKU3542|SKU3376|SKU4278|SKU3006|SKU6370|SKU2979|SKU6296|SKU6380|SKU3042|SKU378|SKU2932|SKU5548|SKU1305|SKU3715
D1142,SKU5482|SKU4142|SKU6305|SKU4294|SKU4279|SKU3285
D1143,SKU2958|SKU2921|SKU3502|SKU2545|SKU4214|SKU6304
D1144,SKU6346|SKU3351|SKU4272|SKU1870|SKU2950|SKU4139
D1145,SKU5611|SKU5012|SKU4150|SKU4056
D1146,SKU3118|SKU3250|SKU2795|SKU3889|SKU3965|SKU2678
D1147,SKU3146|SKU3894
D1148,SKU3497|SKU3805|SKU3077|SKU3239|SKU4196|SKU2074|SKU4136|SKU3017|SKU4261|SKU2945
D1149,SKU2874|SKU2737|SKU5651|SKU6190
D1150,SKU3516|SKU356|SKU2162|SKU661|SKU1890|SKU4222|SKU1910|SKU4460|SKU3031|SKU2047|SKU1138|SKU5997|SKU2776|SKU4438|SKU4050
D1151,SKU2915|SKU3558|SKU3522|SKU5965|SKU835
D1152,SKU4178|SKU6386|SKU5838|SKU3785|SKU3483|SKU4440|SKU3747|SKU3311|SKU3502|SKU4238|SKU3338|SKU2255|SKU3027|SKU6219
D1153,SKU333|SKU2481
D1154,SKU3287|SKU2294
D1155,SKU3501|SKU3472|SKU4778
D1156,SKU1940|SKU1993
D1157,SKU2199|SKU3024
D1158,SKU3428|SKU503|SKU3403|SKU3332|SKU3103|SKU2960|SKU2523|SKU2930|SKU4038|SKU3347
D1159,SKU4184|SKU4142|SKU3547|SKU3209|SKU3203|SKU3065|SKU4279
D1160,SKU4570|SKU4203|SKU1906|SKU3652|SKU3624|SKU4196|SKU4108|SKU951|SKU2335|SKU1791|SKU3451|SKU2750|SKU3628
D1161,SKU3199|SKU3539|SKU4959
D1162,SKU3029|SKU3767|SKU3817|SKU2015|SKU2930|SKU6107|SKU3862|SKU1992|SKU3042|SKU384|SKU2560|SKU3602|SKU3640
D1163,SKU6269|SKU2208|SKU2723|SKU500|SKU6159|SKU434|SKU421|SKU329
D1164,SKU2935|SKU4185
D1165,SKU4273|SKU3378
D1166,SKU6061|SKU5538
D1167,SKU3045|SKU3328|SKU3833|SKU3422
D1168,SKU4226|SKU2116|SKU6306|SKU2220|SKU2194|SKU1967|SKU3218|SKU2866
D1169,SKU883|SKU3504|SKU2068|SKU4475|SKU2981|SKU3922
D1170,SKU4365|SKU5103|SKU1235|SKU1281|SKU6106|SKU5890|SKU4575|SKU736|SKU2340
D1171,SKU4041|SKU4287
D1172,SKU3583|SKU2975|SKU6289|SKU6286|SKU6287
D1173,SKU3425|SKU4048
D1174,SKU2053|SKU6306|SKU4263|SKU1891|SKU2293|SKU2433|SKU2382|SKU3584|SKU2124|SKU1090|SKU3502|SKU3627|SKU2356|SKU3275|SKU3871|SKU2188|SKU133|SKU4172|SKU3132
D1175,SKU4721|SKU2363|SKU1132|SKU2156|SKU864|SKU3745
D1176,SKU3234
D1177,SKU3029|SKU2952|SKU3299
D1178,SKU2465|SKU2586
D1179,SKU3713|SKU3838|SKU4525|SKU1322|SKU2138|SKU2041|SKU1799|SKU2567|SKU3855|SKU3731|SKU3448|SKU2348|SKU3681|SKU2997|SKU3573|SKU3433|SKU3844
D1180,SKU6317|SKU3332|SKU2363|SKU2156|SKU5890|SKU2547|SKU4196|SKU5896|SKU3862|SKU3860|SKU4549
D1181,SKU4167|SKU4155|SKU4278
D1182,SKU3616|SKU3206|SKU5151|SKU5260|SKU5793|SKU354|SKU3143|SKU3432|SKU2059
D1183,SKU4263|SKU3316|SKU2429|SKU2396|SKU2237|SKU3549|SKU3628
D1184,SKU4006|SKU2294|SKU3287|SKU4052
D1185,SKU3171|SKU2104|SKU3595
D1186,SKU4041|SKU4267|SKU12|SKU548|SKU3504|SKU1453|SKU3744|SKU2960|SKU4792|SKU5469|SKU6042|SKU1688|SKU1987|SKU2754|SKU1425|SKU5254
D1187,SKU5036|SKU6289
D1188,SKU3197|SKU3698
D1189,SKU2823|SKU3929|SKU2877
D1190,SKU927|SKU4960
D1191,SKU4081|SKU3083
D1192,SKU4973|SKU5255
D1193,SKU1972|SKU1731|SKU3269|SKU4294|SKU3993
D1194,SKU4363|SKU4117
D1195,SKU3342|SKU1654
D1196,SKU2795|SKU2678
D1197,SKU307|SKU3827|SKU2507|SKU2745|SKU2722|SKU3080|SKU3264|SKU3991
D1198,SKU3394|SKU3955|SKU6020|SKU3301|SKU3186|SKU6361|SKU6289|SKU6319|SKU6277|SKU3334
D1199,SKU3421|SKU3160|SKU3301|SKU3383|SKU3966|SKU4185|SKU3888
D1200,SKU2349|SKU2665|SKU3816|SKU2254|SKU5374
D1201,SKU1859|SKU1863
D1202,SKU3041|SKU2380|SKU1603|SKU4888|SKU1991|SKU2327|SKU4257|SKU3347|SKU3432|SKU2093
D1203,SKU785|SKU1305|SKU1070
D1204,SKU3960|SKU3654
D1205,SKU4038|SKU3041|SKU3221|SKU6191
D1206,SKU2942|SKU2227|SKU2150|SKU3044|SKU2653
D1207,SKU3271|SKU6308|SKU4354
D1208,SKU3615|SKU3474
D1209,SKU3516|SKU4208|SKU3392|SKU6318|SKU5747|SKU5168|SKU4549|SKU2682
D1210,SKU2935|SKU3706|SKU111|SKU5256|SKU1890|SKU4272|SKU2038|SKU6218|SKU5817|SKU3661|SKU6370|SKU2209|SKU3313|SKU1105|SKU2986|SKU3146|SKU3593|SKU6217|SKU2154|SKU5254
D1211,SKU3713|SKU790|SKU3066|SKU5340|SKU1060|SKU5917|SKU1539|SKU4143|SKU3636|SKU3764|SKU3681|SKU5622|SKU5669|SKU4462|SKU3110|SKU2409|SKU3060|SKU2763
D1212,SKU3752|SKU1967|SKU1873|SKU3545|SKU2559|SKU2094|SKU3098|SKU3121
D1213,SKU2061|SKU6191|SKU4466|SKU2114|SKU3676|SKU2993
D1214,SKU1632|SKU462|SKU2509|SKU2274|SKU2112|SKU6291|SKU374|SKU2769|SKU1887|SKU3432|SKU2558|SKU2356|SKU4236|SKU4094|SKU2223|SKU4006|SKU4467|SKU3228|SKU6219|SKU3717|SKU1995
D1215,SKU6294|SKU3417|SKU6054|SKU2467|SKU3332|SKU4750|SKU4030|SKU4142|SKU1208|SKU899|SKU4839|SKU3501|SKU5709|SKU6005|SKU2356|SKU6305|SKU3298|SKU6071|SKU2896
D1216,SKU896|SKU4266|SKU2062|SKU6191|SKU4489|SKU898|SKU3159|SKU2493|SKU4466|SKU3758|SKU2286|SKU2969|SKU6293|SKU1872|SKU3574|SKU5797|SKU3654
D1217,SKU3689|SKU3504|SKU3151|SKU3501|SKU4196|SKU2050|SKU3894
D1218,SKU3034|SKU581
D1219,SKU111|SKU2273|SKU5535|SKU123|SKU3483|SKU5833|SKU3702|SKU1021|SKU5206|SKU3806|SKU2085|SKU4906|SKU5951
D1220,SKU4041|SKU3280|SKU5787|SKU5209|SKU3370|SKU56|SKU5418|SKU3393|SKU6296|SKU6280|SKU3873|SKU1929|SKU2010|SKU4456|SKU4685|SKU5275
D1221,SKU3581|SKU3054|SKU2076|SKU2184|SKU2460|SKU3875|SKU6190|SKU3816
D1222,SKU3115|SKU3866|SKU3990
D1223,SKU2017|SKU4869|SKU3898
D1224,SKU2972|SKU5388|SKU5788|SKU3194|SKU3876|SKU3464
D1225,SKU5977|SKU4089|SKU2559|SKU2204|SKU975|SKU5467
D1226,SKU5957|SKU3036
D1227,SKU1717|SKU4273|SKU2947|SKU1504
D1228,SKU4239|SKU4280|SKU3055|SKU5169|SKU4128
D1229,SKU2134|SKU4481|SKU4254
D1230,SKU2459|SKU3124|SKU2592|SKU2360|SKU4254|SKU3435|SKU6389|SKU6217|SKU2339|SKU3906|SKU4021
D1231,SKU5639|SKU3947|SKU4170|SKU3665|SKU4100|SKU5348|SKU1901
D1232,SKU3163|SKU1474
D1233,SKU6306|SKU2076|SKU162|SKU4560|SKU2019|SKU3156|SKU5074|SKU6101|SKU3184|SKU4234|SKU2085|SKU2473|SKU2020|SKU419
D1234,SKU2359|SKU3504|SKU2407|SKU2940|SKU2592|SKU6370|SKU3407|SKU3661|SKU1930|SKU3862|SKU2249|SKU5166
D1235,SKU3696|SKU1077|SKU3853
D1236,SKU3571|SKU1873
D1237,SKU1364|SKU6370
D1238,SKU5825|SKU3397
D1239,SKU5036|SKU2265|SKU2727
D1240,SKU3115|SKU2248|SKU4684
D1241,SKU4611|SKU4425|SKU2356|SKU1921|SKU3805
D1242,SKU2021|SKU2157|SKU3638|SKU2014|SKU2921|SKU6035|SKU3382|SKU3017|SKU6149|SKU3816|SKU6279
D1243,SKU4200|SKU2116|SKU3996|SKU6306
D1244,SKU5281|SKU4776
D1245,SKU468|SKU109
D1246,SKU5276|SKU2839|SKU3696|SKU6308|SKU3512|SKU2401|SKU1894
D1247,SKU6127|SKU2953|SKU2591|SKU2114|SKU2567|SKU2228|SKU2487|SKU2436|SKU3851
D1248,SKU2874|SKU2856|SKU3401|SKU2921
D1249,SKU5002|SKU2538|SKU6370|SKU2361|SKU3511|SKU1933
D1250,SKU3232|SKU2966|SKU1878|SKU5574|SKU2452|SKU1153
D1251,SKU6306|SKU2952|SKU4386|SKU3351|SKU2591|SKU6348|SKU2950|SKU6350|SKU2478|SKU2436|SKU2257|SKU3745|SKU762|SKU5549
D1252,SKU2107|SKU6219|SKU4167
D1253,SKU3042|SKU4304|SKU6189
D1254,SKU3750|SKU3865|SKU4584
D1255,SKU4184|SKU4030|SKU2668|SKU2239|SKU4922|SKU4196|SKU2411|SKU161|SKU54
D1256,SKU3516|SKU4161
D1257,SKU4209|SKU3347
D1258,SKU3410|SKU3421
D1259,SKU1858|SKU2413
D1260,SKU2337|SKU2042|SKU2390|SKU3989|SKU3159|SKU4231|SKU3170
D1261,SKU1929|SKU648|SKU1938|SKU207|SKU3471
D1262,SKU5839|SKU3242|SKU4018|SKU5716
D1263,SKU6036|SKU3280|SKU6235|SKU1167|SKU3624|SKU1780|SKU1815|SKU6319|SKU3008|SKU3960|SKU6109|SKU3717
D1264,SKU3028|SKU6346|SKU6191|SKU3029|SKU3041|SKU961|SKU3483|SKU1881|SKU3042|SKU4139|SKU4108|SKU3848|SKU2994
D1265,SKU1797|SKU362|SKU3700|SKU2558|SKU3443|SKU4596|SKU4172|SKU4685
D1266,SKU2491|SKU4236|SKU2271|SKU3350|SKU4294
D1267,SKU2227|SKU2534|SKU4894|SKU2620|SKU29
D1268,SKU2952|SKU835|SKU3522|SKU2950
D1269,SKU3289|SKU4194|SKU3816|SKU3735
D1270,SKU2179|SKU3574
D1271,SKU3230|SKU3147|SKU3378|SKU2560|SKU3781|SKU4006|SKU3088|SKU3506
D1272,SKU5937|SKU2128|SKU4056|SKU6047|SKU5959|SKU2969
D1273,SKU899|SKU3676|SKU2110|SKU2253|SKU2261|SKU2402
D1274,SKU2467|SKU2515|SKU3513|SKU1996|SKU2717|SKU4254|SKU3017|SKU190|SKU3218|SKU2897|SKU2281|SKU2945
D1275,SKU3113|SKU2515|SKU4095|SKU3758|SKU3017|SKU5602|SKU4035|SKU4441
D1276,SKU938|SKU1384
D1277,SKU4978|SKU5960|SKU2467|SKU3816|SKU2140
D1278,SKU3842|SKU3900|SKU4004|SKU3697|SKU5731|SKU3207|SKU3876
D1279,SKU2246|SKU3336|SKU3953|SKU1971|SKU5333|SKU2067|SKU2234|SKU2363|SKU3702|SKU3041|SKU2158|SKU2589|SKU2349|SKU4038|SKU1943|SKU3745
D1280,SKU3101|SKU3311|SKU2324|SKU4486|SKU2396|SKU4238|SKU2321|SKU2296|SKU2228|SKU2969
D1281,SKU1014|SKU3486
D1282,SKU4242|SKU2989|SKU3769|SKU3798|SKU3466|SKU2452|SKU3006
D1283,SKU3616|SKU692|SKU6370|SKU3239|SKU3466|SKU1599|SKU3862|SKU4234|SKU5442|SKU1577
D1284,SKU623|SKU2563|SKU3850
D1285,SKU2155|SKU5964|SKU3793|SKU2769|SKU2945|SKU3469|SKU6385|SKU4196|SKU3694|SKU4094|SKU3933|SKU4456|SKU1305|SKU3433|SKU3524
D1286,SKU4266|SKU3874|SKU3263|SKU2270|SKU3584|SKU3235|SKU2921|SKU2064|SKU2899|SKU4018|SKU3043|SKU3242|SKU2029|SKU3489
D1287,SKU3955|SKU6245|SKU599|SKU2523|SKU6385|SKU4681|SKU5934|SKU3414|SKU2318
D1288,SKU2876|SKU6191|SKU6243
D1289,SKU1726|SKU691|SKU2419|SKU4231|SKU4170|SKU4985|SKU1336|SKU3430|SKU4078|SKU4393|SKU3902
D1290,SKU3838|SKU6230|SKU3971|SKU4175|SKU3053|SKU150|SKU4912|SKU5606|SKU1739|SKU2367|SKU3907|SKU3433|SKU3238
D1291,SKU5274|SKU1898|SKU4985|SKU2406|SKU5631|SKU1336|SKU4216|SKU3676|SKU6307|SKU3848|SKU2462|SKU5059|SKU2213
D1292,SKU3616|SKU6211
D1293,SKU3068|SKU4206|SKU4001|SKU2156|SKU3770|SKU2969|SKU2271
D1294,SKU4517|SKU3749
D1295,SKU2209|SKU1819|SKU4081
D1296,SKU6306|SKU2061|SKU3504|SKU4184|SKU3041|SKU4038|SKU3473|SKU4301|SKU2994
D1297,SKU4252|SKU3455|SKU2024|SKU1953|SKU2644|SKU4108|SKU3648|SKU3628
D1298,SKU2456|SKU3650|SKU3885|SKU582|SKU3286|SKU3600|SKU5498
D1299,SKU4848|SKU1899|SKU5653
D1300,SKU6290|SKU6292|SKU6279|SKU6291
D1301,SKU3014|SKU3791
D1302,SKU6346|SKU4272|SKU3567|SKU3996|SKU5445|SKU3643|SKU6164|SKU3794|SKU4079
D1303,SKU6386|SKU4266|SKU3017
D1304,SKU4318|SKU3263|SKU3653|SKU3651|SKU2227|SKU1021|SKU4068|SKU3406|SKU2436
D1305,SKU5634|SKU4884
D1306,SKU4249|SKU4238|SKU3913
D1307,SKU4837|SKU3207|SKU4096
D1308,SKU3356|SKU2039|SKU3541|SKU3140
D1309,SKU6285|SKU2060|SKU6286
D1310,SKU2182|SKU3969|SKU3767
D1311,SKU3063|SKU5380|SKU4494|SKU3126
D1312,SKU4266|SKU3223|SKU3689|SKU3535|SKU6370|SKU6219
D1313,SKU1858|SKU2467|SKU4178|SKU3091|SKU27|SKU1393|SKU4297|SKU1851|SKU2959
D1314,SKU6179|SKU697
D1315,SKU3092|SKU5746|SKU3898|SKU6191|SKU6283|SKU4205|SKU6309|SKU5086|SKU6279|SKU3939|SKU6171|SKU1084
D1316,SKU4301|SKU6191|SKU3550
D1317,SKU1717|SKU6217|SKU6218
D1318,SKU157|SKU2120|SKU2373|SKU2038|SKU2222|SKU404|SKU4196|SKU3672|SKU3473|SKU6216|SKU3170|SKU1903|SKU2319|SKU2257|SKU3894
D1319,SKU3516|SKU4272|SKU4161
D1320,SKU3264|SKU6370|SKU6294
D1321,SKU4184|SKU3841|SKU6287|SKU2946|SKU4220|SKU2568|SKU4196|SKU2336|SKU3970|SKU2834|SKU2981|SKU3745|SKU3491|SKU3547|SKU3382|SKU3264|SKU1978|SKU3148|SKU3805|SKU4142|SKU4279|SKU3006|SKU4203
D1322,SKU3098|SKU3252|SKU4303
D1323,SKU4171|SKU3799|SKU6370|SKU56|SKU3671|SKU5494|SKU1942|SKU3724|SKU2420|SKU5602|SKU1979|SKU2257|SKU1986
D1324,SKU5631|SKU2378|SKU4255|SKU657|SKU4391
D1325,SKU2407|SKU3336|SKU2168|SKU2523|SKU4064|SKU6370|SKU1417
D1326,SKU1321|SKU1478|SKU3031|SKU4196|SKU3141|SKU4294|SKU2206
D1327,SKU4266|SKU2061|SKU1886|SKU3186|SKU3535|SKU2957|SKU4272|SKU1898|SKU6295|SKU4066|SKU6341|SKU3862|SKU3358|SKU3347|SKU2034|SKU4279|SKU2945
D1328,SKU2277|SKU3922|SKU4612|SKU4209|SKU4035
D1329,SKU6309|SKU6370|SKU6307
D1330,SKU3721|SKU1127|SKU1565|SKU846|SKU5685|SKU1480|SKU5594|SKU2478|SKU195|SKU3284
D1331,SKU4483|SKU3583
D1332,SKU2935|SKU3160|SKU3709|SKU3603|SKU3496|SKU2925
D1333,SKU1829|SKU2039|SKU1830|SKU453|SKU5575|SKU1810
D1334,SKU5103|SKU935|SKU2107|SKU2666|SKU4151|SKU4232|SKU1143|SKU2482|SKU3742|SKU1182|SKU2132
D1335,SKU2479|SKU4149|SKU3468|SKU6191|SKU3571|SKU3201|SKU3892|SKU4718|SKU2600
D1336,SKU4217|SKU6306|SKU3886|SKU3031|SKU6370|SKU3274|SKU2170|SKU3461
D1337,SKU3113|SKU5781|SKU2414|SKU2960|SKU3557|SKU3249
D1338,SKU4132
D1339,SKU1713|SKU1712|SKU4179|SKU3346|SKU2299|SKU2749|SKU3077|SKU2538|SKU1898|SKU1232|SKU1283|SKU1849|SKU1711|SKU5802|SKU2710|SKU3994|SKU5116|SKU673|SKU1949|SKU2943|SKU2721
D1340,SKU6306|SKU4123|SKU4090|SKU3239|SKU3096|SKU2402|SKU6190|SKU3816
D1341,SKU3287|SKU1950|SKU3283|SKU4161|SKU1504|SKU2363|SKU1230|SKU4842|SKU1264|SKU4308|SKU2954|SKU1314
D1342,SKU3592|SKU3419
D1343,SKU3584|SKU3665|SKU3862|SKU3513|SKU3253
D1344,SKU3979|SKU5778
D1345,SKU6374|SKU6382
D1346,SKU3616|SKU6311|SKU4134
D1347,SKU4038|SKU320|SKU2549|SKU3994|SKU3196
D1348,SKU3101|SKU2467|SKU3793|SKU5143|SKU3947|SKU3491|SKU6370|SKU3840|SKU3093|SKU2342|SKU4561|SKU2436|SKU2428|SKU2213
D1349,SKU4261|SKU4266|SKU4396|SKU3561|SKU2912|SKU4040|SKU2277|SKU4157|SKU2921|SKU5651|SKU3130|SKU911|SKU3430|SKU3007|SKU4078|SKU4203
D1350,SKU3462|SKU4040|SKU4053|SKU6370|SKU3259|SKU4592|SKU2682
D1351,SKU6124|SKU3543|SKU4161|SKU3272|SKU471|SKU3569|SKU2296|SKU2347
D1352,SKU4938|SKU2420|SKU3656|SKU5793|SKU2777|SKU3829|SKU6153
D1353,SKU4008|SKU5380
D1354,SKU2168|SKU2462|SKU2363|SKU2067|SKU2131|SKU2343|SKU2589|SKU3473|SKU2684|SKU1943|SKU5663|SKU4144|SKU3298
D1355,SKU3526|SKU3117|SKU3705
D1356,SKU2970|SKU5169|SKU3208|SKU3211|SKU4575|SKU6305|SKU5997|SKU2335|SKU3285
D1357,SKU802|SKU5660
D1358,SKU2591|SKU2563|SKU692
D1359,SKU3617|SKU3171|SKU3666
D1360,SKU4179|SKU4460|SKU344|SKU2335|SKU2162|SKU4416
D1361,SKU3773|SKU2516|SKU3904|SKU6191|SKU3254|SKU3544|SKU4830|SKU3922|SKU3811|SKU4128|SKU3509|SKU3720|SKU2945
D1362,SKU5464|SKU4903|SKU2083
D1363,SKU2018|SKU6306|SKU3332|SKU2307|SKU3469|SKU320|SKU2538|SKU4964|SKU3512|SKU3574|SKU3654
D1364,SKU3206|SKU4407|SKU4143|SKU2408|SKU6293|SKU6219|SKU4203|SKU2059
D1365,SKU2972|SKU2158|SKU2988|SKU3804|SKU2016
D1366,SKU3826|SKU1727|SKU1871|SKU4592
D1367,SKU6315|SKU6314|SKU6370|SKU5395
D1368,SKU919|SKU2116|SKU2248|SKU6306|SKU4983|SKU3471|SKU4706|SKU4544|SKU5872
D1369,SKU919|SKU1236|SKU6325|SKU6326|SKU6187|SKU627|SKU2984|SKU3212|SKU1745|SKU1743|SKU989|SKU3548|SKU4627|SKU1148
D1370,SKU6211|SKU3071|SKU5219|SKU4092|SKU4255
D1371,SKU3391|SKU4273|SKU4155|SKU3318|SKU2975|SKU2945
D1372,SKU4272|SKU3069|SKU4108|SKU3572
D1373,SKU4066|SKU4605|SKU443
D1374,SKU2337|SKU2515|SKU3038|SKU3484|SKU2723|SKU3239|SKU370|SKU5607|SKU2969|SKU1633|SKU2249|SKU6381
D1375,SKU1654|SKU704
D1376,SKU6306|SKU3850|SKU3203|SKU5732|SKU3042|SKU1220|SKU3127|SKU2896
D1377,SKU4279|SKU3077|SKU3312|SKU5636|SKU1894|SKU6288|SKU6219|SKU2945
D1378,SKU3826|SKU2380|SKU3533|SKU3135
D1379,SKU4261|SKU4056|SKU4863|SKU1052|SKU1658|SKU3290|SKU2964|SKU4149|SKU3687|SKU2867|SKU2136|SKU3059|SKU5731|SKU4196|SKU4642|SKU4113|SKU2931|SKU2001|SKU6217|SKU3912|SKU4480|SKU1526|SKU2187|SKU3528|SKU3987|SKU3806|SKU887|SKU5216|SKU3898|SKU6218|SKU4254|SKU5598|SKU3323|SKU3127|SKU5085
D1380,SKU2293|SKU2909|SKU2405|SKU1990|SKU2107|SKU2481|SKU5745|SKU2945
D1381,SKU2584|SKU2534|SKU2436|SKU2227
D1382,SKU3248|SKU2218
D1383,SKU53|SKU831
D1384,SKU6191|SKU4732|SKU3159|SKU137|SKU3865|SKU1882|SKU2379|SKU3117|SKU5801|SKU4254|SKU3141|SKU4118|SKU3450|SKU3648|SKU3378|SKU2475|SKU2011|SKU2203|SKU3168|SKU430|SKU3137
D1385,SKU217|SKU4350|SKU515|SKU4348|SKU3916|SKU3676|SKU4720|SKU5266|SKU3281|SKU1949
D1386,SKU2221|SKU2378|SKU3360|SKU4168|SKU4184|SKU3527|SKU4460|SKU4142|SKU4352|SKU344|SKU2162|SKU4279|SKU4391
D1387,SKU2198|SKU225|SKU198
D1388,SKU4306|SKU4841|SKU5678|SKU6370|SKU1034
D1389,SKU3606|SKU4883|SKU1062|SKU6370
D1390,SKU2568|SKU3504|SKU2041|SKU6340|SKU4909|SKU4576|SKU4268|SKU3922|SKU2093
D1391,SKU3603|SKU3026|SKU3421|SKU3419
D1392,SKU3282|SKU3332|SKU3948
D1393,SKU3029|SKU4372|SKU2271|SKU3759
D1394,SKU6313|SKU1325|SKU5747
D1395,SKU4003|SKU5027
D1396,SKU2417|SKU1086|SKU4279|SKU1208
D1397,SKU3909|SKU6191|SKU3504|SKU4184|SKU4254|SKU3862|SKU2203|SKU3273|SKU6219|SKU2945
D1398,SKU1923|SKU3689|SKU4523|SKU3391|SKU6285|SKU5428|SKU3298|SKU4196|SKU4547|SKU3862|SKU3282|SKU2155|SKU729
D1399,SKU4098|SKU3476|SKU3696|SKU3893|SKU2921|SKU2965|SKU3017|SKU4188|SKU3732|SKU3906
D1400,SKU4263|SKU2485|SKU3390|SKU3212|SKU3042|SKU2011|SKU4120|SKU4301|SKU5003|SKU1799|SKU4174|SKU3688|SKU3005|SKU4097|SKU2325|SKU4199|SKU2372|SKU728|SKU3973|SKU4252|SKU4816|SKU2910|SKU4175|SKU3480|SKU4108|SKU398|SKU282|SKU3730
D1401,SKU6330|SKU5822|SKU5348
D1402,SKU2060|SKU6289|SKU6286
D1403,SKU2014|SKU2625|SKU1921|SKU1219
D1404,SKU4854|SKU3874|SKU5588|SKU3198|SKU4732|SKU5928|SKU6285|SKU2654|SKU6286|SKU6289|SKU6287|SKU3324|SKU5397|SKU6396|SKU6290|SKU3610|SKU6288|SKU6169|SKU3628|SKU2167
D1405,SKU3199|SKU4208
D1406,SKU2040|SKU3274|SKU2310|SKU2156|SKU3862
D1407,SKU4266|SKU3609|SKU3769|SKU3535|SKU2067|SKU4105|SKU4200|SKU4290|SKU3286|SKU2432|SKU3116|SKU3574|SKU4339
D1408,SKU2230|SKU2273|SKU4888|SKU3473|SKU1750|SKU3781|SKU3894
D1409,SKU2789|SKU4208|SKU5318|SKU678|SKU4053|SKU5298|SKU3601|SKU2010|SKU6076|SKU4219|SKU1495|SKU4034|SKU4487|SKU2452|SKU866|SKU1100|SKU2264|SKU508|SKU1954|SKU5684
D1410,SKU46|SKU81|SKU6407|SKU2381|SKU2490|SKU94|SKU2335|SKU507|SKU6153
D1411,SKU5938|SKU3192|SKU3568
D1412,SKU3895|SKU1991|SKU1482|SKU2986|SKU2431
D1413,SKU3077|SKU3842|SKU6191|SKU3947|SKU3923
D1414,SKU3653|SKU2373|SKU2168|SKU3069|SKU2356|SKU3982|SKU6243
D1415,SKU899|SKU6370
D1416,SKU3721|SKU4184|SKU2910|SKU4142|SKU2400|SKU1975|SKU3265|SKU4136|SKU4203|SKU3142
D1417,SKU4586|SKU2030|SKU3891|SKU3389|SKU2451|SKU334|SKU2531|SKU5339|SKU2301|SKU2176|SKU3420
D1418,SKU2509|SKU3513|SKU6191|SKU6231|SKU3745|SKU1954
D1419,SKU3849|SKU3690
D1420,SKU6191|SKU2197|SKU1882|SKU1896|SKU1815|SKU3724|SKU1758|SKU4769|SKU6177|SKU3017|SKU4456|SKU3549|SKU2769|SKU5879|SKU3850|SKU5244|SKU1869|SKU933|SKU3106|SKU2473|SKU3442|SKU3162|SKU2693|SKU6324|SKU4081|SKU1999|SKU4094
D1421,SKU3057|SKU3029|SKU3365|SKU3032
D1422,SKU6294|SKU3401
D1423,SKU3424|SKU3863|SKU3227
D1424,SKU2246|SKU3841|SKU2244|SKU1986|SKU3927|SKU2390|SKU4273|SKU4007|SKU6370|SKU3321|SKU3817|SKU4196|SKU2436|SKU1569|SKU2437|SKU5332|SKU218|SKU2411|SKU3933|SKU2534|SKU2264|SKU2428|SKU6245|SKU3945|SKU3371|SKU2158|SKU3412|SKU4124|SKU3794|SKU3925
D1425,SKU4580|SKU2451|SKU3863|SKU2063
D1426,SKU3616|SKU4919|SKU2456|SKU2187|SKU3018|SKU3424|SKU3255|SKU2969|SKU4516|SKU3732|SKU3982|SKU1589
D1427,SKU2382|SKU2202|SKU3288|SKU3145|SKU1392|SKU2203
D1428,SKU1713|SKU2892|SKU3899|SKU2469|SKU3483|SKU3096|SKU2227|SKU4196|SKU2534|SKU3273|SKU6246|SKU6011
D1429,SKU5143|SKU2581|SKU3595|SKU2417|SKU3159|SKU2551|SKU2239|SKU2788|SKU2060|SKU3641|SKU3677
D1430,SKU6024|SKU3444|SKU3460|SKU4143|SKU2909
D1431,SKU3065|SKU917|SKU3188|SKU3281
D1432,SKU3615|SKU3486|SKU1014|SKU3242|SKU3065|SKU2736|SKU3432|SKU5275
D1433,SKU6137|SKU4182|SKU826|SKU4068|SKU3663
D1434,SKU3041|SKU3757|SKU1068|SKU3767|SKU6370|SKU913|SKU6270
D1435,SKU1460|SKU3581|SKU2509|SKU4254|SKU4196|SKU6042
D1436,SKU5785|SKU2952|SKU3326|SKU2467|SKU4377|SKU4988|SKU3351|SKU813|SKU6370|SKU2133|SKU3473|SKU3676|SKU3382|SKU5506|SKU3863|SKU1949|SKU2994
D1437,SKU3874|SKU6243|SKU2589|SKU2156|SKU6306
D1438,SKU6306|SKU2476|SKU3712|SKU3321|SKU3419|SKU3473
D1439,SKU3056|SKU1944|SKU3018|SKU2156|SKU3239|SKU2262|SKU3816
D1440,SKU2467|SKU5692|SKU4273|SKU5624|SKU4142|SKU3830|SKU3547|SKU5418|SKU4008
D1441,SKU4352|SKU3068|SKU3087
D1442,SKU3317|SKU1848
D1443,SKU6379|SKU411|SKU3921
D1444,SKU3565|SKU2984|SKU2649
D1445,SKU6306|SKU342|SKU6370|SKU3651|SKU6157|SKU387|SKU457|SKU3860|SKU4848
D1446,SKU2484|SKU2451|SKU2325|SKU2343|SKU3338|SKU3844
D1447,SKU3021|SKU3949
D1448,SKU3552|SKU3697
D1449,SKU3428|SKU2887|SKU2476|SKU3077|SKU148|SKU3951|SKU171|SKU2314|SKU2308|SKU4144|SKU6302
D1450,SKU6280|SKU6277|SKU6279
D1451,SKU5623|SKU5250
D1452,SKU6285|SKU6287|SKU6286
D1453,SKU3773|SKU1967|SKU4273|SKU2086|SKU3245|SKU2383|SKU2336|SKU2066|SKU3378|SKU2253|SKU2225
D1454,SKU3583|SKU6218|SKU6217|SKU4282|SKU4085|SKU1993|SKU3894
D1455,SKU6275|SKU2198|SKU1099|SKU999|SKU2142|SKU1983|SKU3804|SKU3239|SKU3449|SKU1503|SKU2436|SKU1141
D1456,SKU3287|SKU3068|SKU3793|SKU3504|SKU1910|SKU6370|SKU3352|SKU3325|SKU3781|SKU2170|SKU2249
D1457,SKU6306|SKU6191|SKU2187|SKU4143|SKU2921|SKU2945
D1458,SKU2335|SKU2250|SKU3767|SKU6191|SKU5153
D1459,SKU4267|SKU4209|SKU4238|SKU4233|SKU4112|SKU4054
D1460,SKU449|SKU5318|SKU3018|SKU1921|SKU2356|SKU3161|SKU2249|SKU3717
D1461,SKU6313|SKU6308|SKU6312
D1462,SKU6305|SKU3689|SKU631
D1463,SKU4277|SKU692|SKU3971|SKU2430|SKU4469|SKU2408|SKU3424|SKU2311|SKU3065|SKU2313|SKU3337
D1464,SKU4158|SKU4407|SKU1944|SKU5829|SKU6313|SKU3282|SKU5827|SKU3083
D1465,SKU3504|SKU1883|SKU4030|SKU4970|SKU3456|SKU1957|SKU6341|SKU2452|SKU2102|SKU3218|SKU2549|SKU2428
D1466,SKU3581|SKU3625|SKU3346|SKU6191|SKU1256|SKU2019|SKU3170|SKU6219|SKU3894
D1467,SKU6278|SKU6294
D1468,SKU785|SKU1305
D1469,SKU4261|SKU4203|SKU4279|SKU4184|SKU4142
D1470,SKU6002|SKU2277|SKU5602|SKU3146
D1471,SKU5402|SKU5625|SKU3803|SKU3504|SKU3445|SKU3159|SKU4174|SKU3559|SKU2356|SKU3862|SKU3873|SKU2539|SKU3756|SKU837
D1472,SKU3630|SKU4289
D1473,SKU3287|SKU1860|SKU4030|SKU3170|SKU1886
D1474,SKU5204|SKU5360
D1475,SKU901|SKU5588
D1476,SKU5775|SKU376|SKU2855|SKU6183|SKU5890|SKU3133|SKU1067
D1477,SKU3616|SKU4067|SKU4222|SKU2307|SKU4198|SKU2036|SKU4134
D1478,SKU3762|SKU4125
D1479,SKU5740|SKU2045|SKU4170|SKU4676|SKU5502|SKU4128
D1480,SKU2970|SKU4266|SKU2248|SKU3476|SKU3696|SKU5563|SKU2331|SKU1841|SKU3041|SKU2277|SKU3408|SKU3790|SKU2563|SKU4038
D1481,SKU516|SKU2293|SKU3096|SKU881|SKU2981|SKU4949|SKU1399|SKU3382|SKU2534|SKU2160|SKU2185|SKU6316
D1482,SKU4245|SKU4137|SKU1565|SKU3898|SKU4184|SKU3638|SKU4142|SKU4196|SKU4029|SKU2318|SKU4279|SKU6246|SKU3137|SKU6279
D1483,SKU3332|SKU3504
D1484,SKU3647|SKU2288
D1485,SKU2120|SKU3146
D1486,SKU6339|SKU3257|SKU3678|SKU2542|SKU3790|SKU2227|SKU2560|SKU2534|SKU6279
D1487,SKU2683|SKU122|SKU2143|SKU6108
D1488,SKU3874|SKU4137|SKU4254|SKU4196|SKU3676|SKU3540|SKU2945
D1489,SKU5836|SKU472|SKU5389|SKU5526|SKU4517|SKU3715
D1490,SKU2100|SKU2903|SKU6131
D1491,SKU6306|SKU2467|SKU6191|SKU3418|SKU4272|SKU4030|SKU3239|SKU3395|SKU5469|SKU3794
D1492,SKU3504|SKU2891|SKU2701|SKU4407|SKU3059|SKU4184|SKU2921|SKU3786|SKU1960|SKU3140|SKU3501|SKU3626|SKU3862|SKU3017|SKU3781|SKU3382|SKU5268|SKU3982|SKU1963
D1493,SKU3071|SKU1178
D1494,SKU3737|SKU1937|SKU2448|SKU6112|SKU4342|SKU4279
D1495,SKU2945|SKU3746|SKU3089|SKU2343|SKU2976|SKU3659|SKU2583|SKU3666|SKU4050|SKU2958|SKU3077|SKU3017|SKU4300|SKU3348|SKU1993|SKU4019|SKU3147|SKU5929|SKU3472|SKU3018|SKU4188|SKU5057|SKU6243
D1496,SKU1972|SKU2700|SKU2293|SKU2270|SKU1910|SKU333|SKU3970|SKU3245|SKU2315|SKU1991|SKU2244|SKU1962|SKU2310|SKU2481
D1497,SKU2485|SKU3155|SKU2156|SKU2017|SKU3863|SKU3506|SKU5184
D1498,SKU3092|SKU4110|SKU4272|SKU4312|SKU2087|SKU3790|SKU3598|SKU6240|SKU3363|SKU6286
D1499,SKU5397|SKU2972
D1500,SKU3676|SKU2271|SKU3017|SKU2945
D1501,SKU5653|SKU3670|SKU3029|SKU6344|SKU1310|SKU6370|SKU5219|SKU1119|SKU2226|SKU2209|SKU5208|SKU2525|SKU3705
D1502,SKU567|SKU422|SKU142|SKU3971|SKU2909|SKU449|SKU6161|SKU1930|SKU4196|SKU2969|SKU2506|SKU6190|SKU100|SKU3960|SKU6095
D1503,SKU2150|SKU2749|SKU4142|SKU2852|SKU2016|SKU3861
D1504,SKU6275|SKU6306|SKU2474|SKU4988|SKU2495|SKU1754|SKU3300|SKU3849|SKU6410|SKU2349|SKU3017|SKU4123|SKU6270
D1505,SKU4206|SKU3839|SKU2197|SKU2795|SKU4725|SKU6137|SKU6319|SKU3987|SKU1458|SKU6138|SKU6270|SKU3420
D1506,SKU3862|SKU4626|SKU5379
D1507,SKU3623|SKU4122|SKU1580|SKU2039|SKU2243|SKU4042|SKU3938|SKU3455|SKU4884|SKU4025|SKU5634|SKU4685
D1508,SKU4504|SKU4140
D1509,SKU5875|SKU1565|SKU3349
D1510,SKU3356|SKU6217|SKU2985|SKU6218|SKU3291
D1511,SKU3721|SKU542|SKU4242|SKU4184|SKU5577|SKU1967|SKU4089|SKU2957|SKU1265|SKU1942|SKU6305|SKU2452|SKU3724|SKU3347|SKU2310|SKU4128
D1512,SKU4198|SKU3616|SKU4222|SKU4067
D1513,SKU4047|SKU3711|SKU2156|SKU2544|SKU1937|SKU6305|SKU2310
D1514,SKU4176|SKU3584|SKU2255|SKU5529|SKU3791
D1515,SKU4067|SKU2769|SKU4081|SKU2451|SKU3212|SKU2551|SKU3316|SKU4094|SKU933|SKU3688|SKU2778|SKU4134|SKU4723|SKU4364
D1516,SKU3287|SKU4218|SKU2272|SKU709|SKU2761|SKU2544|SKU2381|SKU1390|SKU6286
D1517,SKU3983|SKU2490
D1518,SKU3381|SKU6296
D1519,SKU919|SKU4098|SKU5133|SKU2156|SKU2372|SKU5130|SKU3269
D1520,SKU2584|SKU1109|SKU3351|SKU6156|SKU3894|SKU2175|SKU6370|SKU2012|SKU3473|SKU2436|SKU710|SKU4895|SKU2534|SKU2541|SKU3689|SKU2773|SKU3945|SKU2956|SKU3624|SKU2227|SKU1991|SKU6138|SKU1894
D1521,SKU6315|SKU6313|SKU6370
D1522,SKU2289|SKU1632|SKU4184|SKU6191|SKU3972|SKU2761|SKU5791|SKU624|SKU5206|SKU6130|SKU2975|SKU4025|SKU2432|SKU5634|SKU3377|SKU2328|SKU3542|SKU4169|SKU6285|SKU4204|SKU1945|SKU1785|SKU3669|SKU3092|SKU5558|SKU3026|SKU4092|SKU3383|SKU2545|SKU6216|SKU4457|SKU4262|SKU5403|SKU2298|SKU3595|SKU4142|SKU3747|SKU2506|SKU3273
D1523,SKU5379|SKU2120|SKU4184|SKU2272|SKU3445|SKU4425|SKU4667|SKU3059|SKU3694|SKU6374|SKU3862|SKU4881|SKU5085
D1524,SKU3092|SKU4266|SKU4523|SKU4030|SKU3778|SKU3454|SKU3641|SKU1339
D1525,SKU2456|SKU2120|SKU1883|SKU4155|SKU3275|SKU2249
D1526,SKU407|SKU549|SKU110|SKU170
D1527,SKU3812|SKU2456|SKU3018|SKU2448|SKU6175|SKU3170|SKU1367
D1528,SKU2801|SKU4853
D1529,SKU3689|SKU4272|SKU2216|SKU3041|SKU2015|SKU4038|SKU5115|SKU2102|SKU2223|SKU6189|SKU3512|SKU2915|SKU4203
D1530,SKU2227|SKU3561|SKU2073|SKU4219
D1531,SKU2934|SKU2983|SKU3066|SKU3060
D1532,SKU1550|SKU4273|SKU3527
D1533,SKU2998|SKU3886|SKU4128
D1534,SKU6306|SKU4030|SKU3418|SKU550
D1535,SKU1122|SKU4053|SKU1395|SKU4487|SKU4393|SKU6083
D1536,SKU3248|SKU3613|SKU3082|SKU1327|SKU3152
D1537,SKU2381|SKU2472|SKU3432|SKU2328|SKU1972|SKU6306|SKU2869|SKU257|SKU4223|SKU1975|SKU6305|SKU3248|SKU5014|SKU3041|SKU4227|SKU3699|SKU5288|SKU1406|SKU5781|SKU676|SKU4038|SKU556|SKU2311|SKU2431|SKU3788
D1538,SKU1375|SKU853
D1539,SKU2940|SKU2428|SKU3504|SKU5036
D1540,SKU3101|SKU3535|SKU2014|SKU2019|SKU1969|SKU3784|SKU2356|SKU2244|SKU3222|SKU4300|SKU1945|SKU3745|SKU1962|SKU1871|SKU2943|SKU2556
D1541,SKU5113|SKU1451|SKU4737
D1542,SKU3476|SKU4206|SKU3846|SKU3893|SKU2965|SKU3147|SKU3140|SKU3906|SKU5948
D1543,SKU6216|SKU3432
D1544,SKU3696|SKU2930|SKU3226|SKU6143|SKU3862|SKU3042
D1545,SKU6315|SKU6313|SKU6314
D1546,SKU5360|SKU1951|SKU2112|SKU2125|SKU2491|SKU1973|SKU2560|SKU2454|SKU1995
D1547,SKU4084|SKU3968|SKU2501|SKU2041|SKU2114|SKU3626|SKU4300|SKU3075
D1548,SKU2456|SKU6321|SKU3770|SKU2340
D1549,SKU199|SKU314
D1550,SKU2036|SKU3862|SKU2171|SKU3286|SKU2419
D1551,SKU3417|SKU4096
D1552,SKU1244|SKU2113|SKU3211|SKU2194|SKU2026
D1553,SKU4096|SKU2333|SKU2168|SKU3207|SKU3745|SKU3044
D1554,SKU3928|SKU4350|SKU4003|SKU1672|SKU4348|SKU6313|SKU4674|SKU6271|SKU3193|SKU3725|SKU3962
D1555,SKU4038|SKU6002|SKU2472|SKU6303
D1556,SKU1269|SKU3009|SKU2964
D1557,SKU5708|SKU3057|SKU2342|SKU4269|SKU657
D1558,SKU2958|SKU3056|SKU1893|SKU3124|SKU4230|SKU5594|SKU1842|SKU2075|SKU5656|SKU6094|SKU2487|SKU2993|SKU3162|SKU6035
D1559,SKU5055|SKU3791|SKU3014|SKU1944|SKU4254|SKU3758
D1560,SKU3516|SKU3721|SKU3868|SKU5067|SKU3536|SKU2464|SKU4143|SKU3964|SKU899|SKU3324|SKU1372|SKU1220
D1561,SKU4828|SKU4272|SKU1930|SKU4038|SKU3770|SKU5997|SKU1933|SKU6243
D1562,SKU5845|SKU5295
D1563,SKU5840|SKU3216|SKU1077|SKU2379|SKU3767|SKU113
D1564,SKU2788|SKU4011
D1565,SKU4184|SKU3805|SKU4425|SKU4142|SKU2356|SKU3781|SKU3127
D1566,SKU2970|SKU2430|SKU3018|SKU2499|SKU3815|SKU3473
D1567,SKU4452|SKU6370|SKU4186|SKU4009|SKU1606
D1568,SKU2819|SKU487|SKU6270|SKU38
D1569,SKU3054|SKU3288|SKU3624|SKU2339|SKU3863|SKU3654
D1570,SKU3304|SKU2031|SKU5451|SKU3743
D1571,SKU2155|SKU4266|SKU5456|SKU3041|SKU3757|SKU6370|SKU5672|SKU2411|SKU4196|SKU3781|SKU2472|SKU4824|SKU3894
D1572,SKU3141|SKU4884|SKU6286|SKU4025
D1573,SKU4161|SKU6298|SKU4030|SKU3678|SKU3041|SKU4142|SKU6082|SKU3641|SKU4203
D1574,SKU2120|SKU2277|SKU4030|SKU3077|SKU4254|SKU4196|SKU3171|SKU2244|SKU3781|SKU4006
D1575,SKU4580|SKU3648|SKU4421
D1576,SKU3725|SKU5343
D1577,SKU6278|SKU6280|SKU2333
D1578,SKU2996|SKU2216|SKU833|SKU5418|SKU1123|SKU3199|SKU2427
D1579,SKU4098|SKU2116|SKU726|SKU3504|SKU3769|SKU3736|SKU2554|SKU3291|SKU6374|SKU2192|SKU4275|SKU1417|SKU3922|SKU1993|SKU2964
D1580,SKU1571|SKU2250|SKU4230|SKU3016
D1581,SKU2135|SKU1021|SKU5603|SKU1891|SKU2382
D1582,SKU3301|SKU3888
D1583,SKU4230|SKU4186
D1584,SKU2221|SKU4168|SKU2019|SKU4254|SKU4196|SKU4416
D1585,SKU6218|SKU6217|SKU4735
D1586,SKU2241|SKU3886|SKU6289|SKU1208
D1587,SKU2587|SKU4884|SKU3938
D1588,SKU6306|SKU3263|SKU2005|SKU6191|SKU4255|SKU4272|SKU2227|SKU3095|SKU3235|SKU1393
D1589,SKU4188|SKU4091
D1590,SKU5542|SKU3221|SKU2220|SKU5653|SKU4200|SKU2445|SKU6370|SKU4434|SKU4363|SKU3783|SKU3007|SKU3369|SKU4071|SKU3549
D1591,SKU3898|SKU3605|SKU5608|SKU6177|SKU3830|SKU2613|SKU3601|SKU4254|SKU4196|SKU6243
D1592,SKU6285|SKU6277
D1593,SKU4385|SKU4833|SKU5347
D1594,SKU2387|SKU2307|SKU3624|SKU5755|SKU5884
D1595,SKU4784|SKU2516|SKU2270|SKU4597|SKU4248|SKU3804|SKU2153|SKU3407|SKU3636|SKU4836|SKU3275|SKU5411|SKU2051
D1596,SKU3417|SKU4278|SKU4167|SKU1944|SKU4001|SKU2014|SKU4155|SKU3315|SKU2256|SKU5319
D1597,SKU6306|SKU1233|SKU6368|SKU1873|SKU3069|SKU729|SKU4038|SKU6219|SKU2253|SKU2472|SKU2063|SKU1542|SKU3006|SKU2946|SKU2427
D1598,SKU3039|SKU3066|SKU391|SKU3595|SKU3583|SKU2014|SKU1910|SKU2921|SKU3078|SKU3915|SKU2983|SKU4186|SKU2205|SKU2306|SKU3783|SKU1214|SKU6270
D1599,SKU2416|SKU2967|SKU2516|SKU2651|SKU4052|SKU3670|SKU3029|SKU603|SKU4231|SKU2493|SKU3830|SKU2316|SKU2074|SKU3923|SKU2500|SKU2192|SKU3042|SKU3347|SKU2212|SKU3745|SKU6153
D1600,SKU2337|SKU1605|SKU3085|SKU2248|SKU5611|SKU1960|SKU478|SKU6305|SKU3320|SKU1868|SKU4139|SKU4599|SKU5703
